temperature,humidity,rainfall,soil_moisture,nitrogen,month,irrigation_hours,disease_risk,heat_stress
40.3,95,108,43,81,6,0,2,2
20.9,62,62,71,62,10,0,0,0
34.4,57,38,75,43,9,1,0,1
41.3,44,144,33,77,12,0,0,2
38.6,88,55,53,101,11,0,2,2
34.7,85,37,75,57,9,1,1,1
20.5,54,188,21,99,10,0,0,0
34.0,72,83,34,101,12,0,1,1
29.2,44,41,56,115,11,0,0,0
18.9,63,74,60,107,3,0,0,0
33.8,40,61,72,69,3,0,0,1
25.8,45,72,40,73,4,0,0,0
38.0,42,58,56,89,12,0,0,2
35.5,79,14,71,87,3,3,1,1
23.3,41,57,57,50,2,0,0,0
24.8,73,47,26,117,3,0,1,0
40.8,42,46,54,50,4,0,0,2
21.7,53,121,41,94,4,0,0,0
37.0,71,185,25,58,7,0,1,2
41.9,78,6,38,83,8,3,1,2
30.5,45,153,21,65,6,0,0,1
30.4,66,161,60,91,7,0,1,1
21.5,90,24,79,91,2,1,1,0
40.0,94,114,53,49,2,0,2,2
33.3,67,179,72,74,5,0,1,1
27.1,76,69,33,43,4,0,1,0
39.0,66,142,56,62,3,0,1,2
23.2,49,121,33,66,5,0,0,0
23.7,92,124,68,79,5,0,2,0
32.3,79,61,25,107,2,0,1,1
20.7,83,175,25,59,6,0,2,0
32.2,95,6,68,47,2,1,1,1
22.0,75,35,76,42,6,1,1,0
18.5,44,131,70,54,5,0,0,0
34.2,40,96,54,116,12,0,0,1
36.7,91,98,58,114,8,0,2,2
29.0,55,110,23,76,4,0,0,0
24.7,91,102,23,111,12,0,2,0
36.2,94,66,25,69,10,0,2,2
40.9,91,97,31,72,3,0,2,2
41.3,53,67,72,90,12,0,0,2
34.4,63,102,70,92,11,0,0,1
35.8,90,147,56,108,8,0,2,1
22.4,60,33,49,110,2,1,0,0
24.5,83,57,38,93,9,0,2,0
19.0,52,107,67,112,3,0,0,0
37.5,59,39,55,53,4,3,0,2
24.8,79,160,31,80,2,0,1,0
31.5,68,171,24,61,11,0,1,1
33.0,71,28,45,40,11,1,1,1
26.2,72,76,53,110,4,0,1,0
24.2,40,59,48,90,1,0,0,0
25.3,91,179,50,115,12,0,2,0
26.5,56,102,58,57,3,0,0,0
21.8,87,42,29,58,6,0,1,0
27.5,48,47,61,94,7,0,0,0
33.7,48,50,41,76,1,0,0,1
39.3,81,50,50,69,12,0,1,2
21.0,59,156,66,75,8,0,0,0
36.7,48,85,28,80,1,0,0,2
31.2,87,27,79,44,10,1,1,1
28.7,47,72,52,111,11,0,0,0
19.0,86,179,57,72,9,0,2,0
40.5,40,145,66,69,10,0,0,2
19.5,47,96,27,70,8,0,0,0
40.1,81,26,69,93,8,3,1,2
35.7,70,127,26,116,6,0,1,1
23.1,87,121,60,110,4,0,2,0
23.0,76,20,22,75,11,2,1,0
29.3,94,66,23,79,8,0,2,0
40.1,41,42,73,66,9,0,0,2
26.8,78,68,26,86,3,0,1,0
39.9,65,43,53,71,4,0,0,2
33.2,61,52,30,106,2,0,0,1
37.3,64,133,45,83,4,0,0,2
37.1,59,92,63,107,12,0,0,2
40.5,76,128,39,77,2,0,1,2
25.2,57,40,61,50,2,1,0,0
36.9,43,121,54,73,1,0,0,2
37.9,52,84,21,74,12,0,0,2
20.0,50,111,31,96,5,0,0,0
25.7,85,100,58,84,11,0,2,0
23.0,71,12,20,46,10,2,1,0
21.3,49,84,64,105,1,0,0,0
26.6,95,151,34,112,7,0,2,0
18.1,49,12,46,110,8,1,0,0
41.5,43,86,31,61,7,0,0,2
29.3,76,189,69,96,5,0,1,0
34.2,89,52,38,67,3,0,2,1
26.9,73,16,39,96,1,1,1,0
27.3,93,166,68,53,4,0,2,0
18.1,92,108,27,113,8,0,2,0
26.1,58,73,26,117,8,0,0,0
32.2,62,132,44,76,6,0,0,1
29.7,92,174,75,78,5,0,2,0
37.9,56,43,66,41,12,0,0,2
37.3,82,164,22,54,12,0,2,2
31.1,90,86,64,47,2,0,2,1
39.5,70,184,28,52,4,0,1,2
27.8,42,75,52,51,9,0,0,0
37.9,72,128,53,56,11,0,1,2
23.2,52,107,56,52,5,0,0,0
38.0,80,156,59,87,11,0,1,2
19.1,42,103,32,92,4,0,0,0
31.2,62,2,37,115,12,1,0,1
22.2,58,97,48,70,8,0,0,0
21.2,55,135,38,49,11,0,0,0
41.2,44,137,71,57,12,0,0,2
29.3,55,69,74,59,7,0,0,0
27.1,52,110,60,60,10,0,0,0
41.1,49,41,21,101,2,0,0,2
22.5,62,18,39,76,9,1,0,0
24.3,92,81,29,43,3,0,2,0
19.1,56,62,66,81,3,0,0,0
19.4,91,135,31,93,3,0,2,0
20.0,71,11,80,50,5,1,1,0
28.9,85,101,54,81,5,0,2,0
25.1,61,30,60,75,12,1,0,0
22.0,76,53,39,42,10,0,1,0
19.2,90,184,34,47,1,0,2,0
27.7,84,176,20,53,6,0,2,0
20.9,91,65,75,95,11,0,2,0
30.7,53,11,50,82,7,1,0,1
25.8,80,31,20,108,1,2,1,0
22.4,62,104,24,117,3,0,0,0
39.5,53,34,41,50,12,3,0,2
33.6,74,77,67,101,9,0,1,1
32.0,82,161,70,69,2,0,2,1
21.7,48,57,76,42,5,0,0,0
18.8,58,128,51,114,12,0,0,0
32.5,65,119,20,65,3,0,0,1
27.4,76,200,48,79,4,0,1,0
23.7,40,63,72,115,6,0,0,0
33.2,87,192,47,68,2,0,2,1
25.8,56,133,77,73,6,0,0,0
40.4,57,39,69,113,11,3,0,2
41.8,50,84,70,101,5,0,0,2
41.4,71,188,28,73,1,0,1,2
29.4,85,171,59,97,8,0,2,0
27.2,48,101,76,115,2,0,0,0
25.8,45,105,77,56,10,0,0,0
21.1,61,46,59,78,3,0,0,0
19.0,94,157,48,53,9,0,2,0
39.7,69,91,40,114,1,0,1,2
27.6,69,195,51,55,7,0,1,0
30.3,57,122,41,49,5,0,0,1
29.0,65,17,47,73,4,1,0,0
19.2,46,187,49,96,5,0,0,0
26.4,42,179,64,72,11,0,0,0
38.1,91,38,49,75,8,3,1,2
18.7,87,109,54,108,4,0,2,0
40.8,72,124,53,43,9,0,1,2
33.8,72,139,50,66,5,0,1,1
36.0,82,122,80,96,2,0,2,1
30.3,61,92,80,86,1,0,0,1
36.0,44,116,20,61,4,0,0,1
41.6,62,171,29,57,6,0,0,2
20.4,55,65,23,58,4,0,0,0
24.3,54,162,28,75,11,0,0,0
39.6,47,161,77,80,5,0,0,2
26.3,90,107,24,40,3,0,2,0
37.6,53,85,45,61,3,0,0,2
32.1,45,16,54,53,7,1,0,1
38.0,85,167,70,98,4,0,2,2
18.2,94,85,20,74,5,0,2,0
42.0,40,75,59,109,12,0,0,2
18.2,47,159,32,49,9,0,0,0
35.8,70,15,34,59,8,3,1,1
23.0,95,141,50,81,8,0,2,0
32.6,75,131,45,64,3,0,1,1
26.1,66,104,52,85,7,0,1,0
38.4,92,62,53,81,7,0,2,2
25.4,94,99,45,74,2,0,2,0
30.2,89,60,61,47,9,0,2,1
38.0,64,83,49,47,8,0,0,2
21.3,89,107,80,88,8,0,2,0
24.2,48,135,56,95,7,0,0,0
34.0,82,38,66,99,11,1,1,1
19.7,61,148,50,106,9,0,0,0
18.6,55,121,45,92,9,0,0,0
36.6,41,150,23,92,6,0,0,2
41.4,88,77,31,43,8,0,2,2
24.5,81,52,50,117,4,0,2,0
31.1,81,197,68,106,6,0,2,1
26.8,48,33,25,72,4,2,0,0
28.1,57,196,58,60,9,0,0,0
29.8,64,183,67,80,10,0,0,0
22.7,40,115,45,47,8,0,0,0
26.8,84,78,48,97,1,0,2,0
33.9,92,192,39,59,7,0,2,1
34.4,67,27,60,68,3,1,1,1
40.6,52,66,32,63,2,0,0,2
23.4,64,2,75,67,3,1,0,0
26.7,66,57,44,68,9,0,1,0
29.1,43,144,80,68,7,0,0,0
22.4,42,139,46,112,9,0,0,0
24.7,79,146,72,92,7,0,1,0
31.9,70,32,25,110,4,2,1,1
28.9,45,53,34,120,10,0,0,0
19.9,67,138,58,65,7,0,1,0
39.9,66,54,60,81,3,0,1,2
34.6,94,197,55,115,2,0,2,1
23.9,49,122,62,94,8,0,0,0
38.4,70,158,37,104,9,0,1,2
21.9,92,167,35,82,3,0,2,0
32.3,74,119,36,98,11,0,1,1
29.3,82,43,70,53,1,0,1,0
35.9,79,130,21,63,9,0,1,1
23.2,56,144,69,54,1,0,0,0
40.5,62,182,42,57,5,0,0,2
19.0,41,85,27,119,11,0,0,0
28.6,76,185,29,61,1,0,1,0
36.2,95,47,75,112,5,0,1,2
40.2,62,110,46,52,4,0,0,2
29.3,80,10,24,64,2,2,1,0
26.1,86,102,78,48,11,0,2,0
25.8,92,171,49,69,11,0,2,0
26.5,65,197,41,103,6,0,0,0
32.5,66,112,56,117,4,0,1,1
21.9,48,196,70,60,5,0,0,0
33.2,87,172,40,93,4,0,2,1
41.2,52,12,79,74,7,3,0,2
30.5,56,190,46,87,9,0,0,1
38.3,76,167,80,95,9,0,1,2
18.4,70,71,23,55,12,0,1,0
33.5,93,105,70,106,6,0,2,1
34.0,40,7,34,53,2,1,0,1
26.0,53,37,79,94,5,1,0,0
32.1,79,135,48,83,1,0,1,1
28.1,41,128,69,84,1,0,0,0
27.2,86,153,38,78,10,0,2,0
18.4,48,34,43,72,5,1,0,0
25.7,70,86,33,86,9,0,1,0
30.9,92,46,65,52,7,0,1,1
36.5,93,157,42,52,12,0,2,2
30.4,75,95,52,102,1,0,1,1
40.1,85,89,32,41,5,0,2,2
24.2,87,114,60,59,7,0,2,0
30.0,60,182,24,65,11,0,0,0
37.9,60,90,47,95,3,0,0,2
29.1,95,121,78,47,6,0,2,0
19.5,75,94,69,85,7,0,1,0
36.1,70,164,29,92,8,0,1,2
35.4,80,145,51,118,10,0,1,1
22.3,84,129,64,70,9,0,2,0
22.6,43,2,22,114,7,2,0,0
25.9,73,182,22,108,7,0,1,0
18.8,41,151,79,50,6,0,0,0
35.7,78,97,35,97,4,0,1,1
21.8,92,148,53,92,5,0,2,0
25.5,54,18,59,66,7,1,0,0
23.3,88,73,75,86,9,0,2,0
32.4,51,150,69,45,8,0,0,1
30.0,59,48,49,98,1,0,0,0
33.8,69,193,80,46,5,0,1,1
34.0,86,180,43,65,1,0,2,1
25.4,46,45,56,101,8,0,0,0
21.0,90,134,39,111,2,0,2,0
29.9,83,108,43,62,4,0,2,0
25.2,93,128,28,120,4,0,2,0
35.0,73,30,63,79,4,1,1,1
33.5,83,75,26,94,6,0,2,1
31.2,62,51,52,43,3,0,0,1
31.1,56,117,41,68,3,0,0,1
32.8,50,49,23,73,4,0,0,1
27.6,80,157,71,88,2,0,1,0
39.0,41,160,36,94,1,0,0,2
36.2,78,2,56,67,12,3,1,2
34.3,83,133,75,62,9,0,2,1
37.8,86,82,66,100,5,0,2,2
35.8,81,97,59,63,9,0,2,1
33.3,95,192,70,50,7,0,2,1
19.1,68,180,70,111,7,0,1,0
28.8,52,150,24,50,9,0,0,0
22.9,60,100,66,80,10,0,0,0
26.1,91,130,55,40,10,0,2,0
38.7,67,23,24,102,4,3,1,2
34.5,61,87,22,96,4,0,0,1
30.6,72,157,59,111,5,0,1,1
34.1,77,198,55,79,5,0,1,1
32.0,61,34,80,66,9,1,0,1
41.2,71,62,60,62,7,0,1,2
20.7,58,103,72,40,5,0,0,0
38.9,48,28,41,88,7,3,0,2
25.0,61,74,53,71,10,0,0,0
38.4,42,139,48,69,8,0,0,2
20.0,68,88,38,115,6,0,1,0
33.8,89,48,67,101,2,0,1,1
31.0,56,52,58,84,9,0,0,1
22.7,58,73,21,49,3,0,0,0
30.2,76,7,34,110,6,1,1,1
20.9,52,50,62,94,1,0,0,0
39.9,44,42,45,44,4,0,0,2
35.5,41,37,52,114,9,3,0,1
32.3,54,189,64,66,6,0,0,1
19.8,58,42,63,116,6,0,0,0
31.9,64,149,20,100,6,0,0,1
21.7,91,129,65,46,2,0,2,0
18.4,53,128,27,56,4,0,0,0
35.3,84,60,48,105,7,0,2,1
21.3,49,143,63,118,9,0,0,0
24.3,88,107,67,57,9,0,2,0
25.8,68,89,35,90,12,0,1,0
28.3,87,81,42,42,9,0,2,0
20.1,53,37,73,115,8,1,0,0
24.4,94,119,70,77,2,0,2,0
38.1,42,103,56,114,11,0,0,2
18.2,40,67,23,60,11,0,0,0
23.6,94,174,69,77,7,0,2,0
36.8,84,18,71,43,11,3,1,2
36.4,51,69,70,52,10,0,0,2
22.9,85,21,65,98,1,1,1,0
33.9,82,34,25,112,2,2,1,1
30.0,89,110,25,105,8,0,2,0
29.2,50,159,35,54,1,0,0,0
20.4,70,178,53,57,2,0,1,0
18.5,90,14,41,48,2,1,1,0
27.6,92,66,66,82,1,0,2,0
38.4,45,65,60,41,3,0,0,2
30.6,62,75,29,97,11,0,0,1
24.6,47,46,32,58,5,0,0,0
38.2,66,87,55,117,12,0,1,2
22.6,93,4,42,71,10,1,1,0
21.5,68,102,56,89,10,0,1,0
23.9,88,125,72,87,5,0,2,0
18.5,67,104,76,88,12,0,1,0
36.7,63,17,39,43,9,3,0,2
34.4,84,17,51,101,2,1,1,1
20.1,84,161,32,65,1,0,2,0
39.9,84,11,51,55,1,3,1,2
36.9,80,119,26,40,7,0,1,2
28.5,63,126,55,87,6,0,0,0
32.0,63,41,79,75,9,0,0,1
18.5,65,138,56,96,6,0,0,0
30.6,95,10,34,105,3,1,1,1
41.0,50,155,45,105,7,0,0,2
36.6,66,35,34,51,10,3,1,2
37.0,53,191,50,108,3,0,0,2
40.7,72,145,55,52,10,0,1,2
23.7,88,129,53,75,6,0,2,0
33.3,41,147,50,63,7,0,0,1
27.4,69,66,40,81,1,0,1,0
35.0,90,69,32,77,6,0,2,1
38.9,83,155,25,66,3,0,2,2
18.6,74,68,75,95,4,0,1,0
25.9,62,191,36,120,12,0,0,0
41.1,50,190,65,115,9,0,0,2
19.8,67,178,69,104,2,0,1,0
28.6,49,147,49,70,1,0,0,0
25.4,88,91,36,95,4,0,2,0
18.9,49,51,26,44,12,0,0,0
39.5,46,58,74,50,8,0,0,2
40.2,85,132,26,117,7,0,2,2
27.1,76,61,40,54,5,0,1,0
34.4,57,109,42,73,9,0,0,1
18.5,53,81,36,71,5,0,0,0
35.1,81,8,29,56,2,3,1,1
21.2,57,87,65,108,8,0,0,0
32.3,87,14,39,106,5,1,1,1
32.0,47,174,76,86,1,0,0,1
19.6,50,96,22,114,6,0,0,0
35.3,90,15,32,80,3,3,1,1
22.0,56,180,52,57,1,0,0,0
23.4,79,101,45,120,10,0,1,0
35.0,46,107,59,52,4,0,0,1
29.9,42,134,25,49,4,0,0,0
33.3,62,16,59,75,3,1,0,1
22.5,78,148,69,59,5,0,1,0
19.4,76,105,58,92,9,0,1,0
19.8,49,65,50,66,4,0,0,0
32.2,86,105,28,61,10,0,2,1
27.7,45,103,21,50,12,0,0,0
27.6,68,83,65,65,10,0,1,0
25.7,41,187,25,44,3,0,0,0
27.5,93,40,40,76,1,1,1,0
24.0,91,87,46,105,10,0,2,0
32.5,73,176,31,113,8,0,1,1
20.3,85,192,27,108,10,0,2,0
25.2,58,143,58,108,12,0,0,0
28.6,57,128,26,118,1,0,0,0
25.5,66,96,21,58,10,0,1,0
41.1,67,159,67,71,4,0,1,2
18.9,93,11,36,108,11,1,1,0
40.5,47,10,61,81,10,3,0,2
32.7,55,73,53,64,9,0,0,1
38.1,54,22,43,113,3,3,0,2
29.0,73,115,27,48,5,0,1,0
22.1,69,2,25,72,4,2,1,0
39.0,40,31,63,66,5,3,0,2
31.0,79,73,55,97,11,0,1,1
39.1,79,51,32,85,8,0,1,2
33.6,84,129,43,96,3,0,2,1
25.5,72,165,55,113,1,0,1,0
32.2,80,127,51,56,1,0,1,1
33.0,61,87,41,91,11,0,0,1
35.6,79,17,71,95,2,3,1,1
36.4,93,164,43,92,2,0,2,2
37.2,56,161,77,96,11,0,0,2
32.6,76,0,53,75,2,1,1,1
30.7,70,144,35,42,1,0,1,1
37.0,55,101,31,62,2,0,0,2
19.9,40,132,40,77,3,0,0,0
39.0,80,130,52,96,7,0,1,2
30.8,84,64,72,111,7,0,2,1
20.5,92,110,20,113,2,0,2,0
18.7,91,149,22,58,3,0,2,0
19.0,93,58,79,70,12,0,2,0
25.5,68,25,28,90,3,2,1,0
34.5,54,32,50,95,7,1,0,1
38.0,91,148,80,97,10,0,2,2
37.0,50,190,53,62,10,0,0,2
41.9,94,34,34,94,8,3,1,2
40.2,57,3,49,71,5,3,0,2
33.4,95,114,34,75,3,0,2,1
27.2,84,148,71,63,9,0,2,0
26.1,84,198,23,119,12,0,2,0
33.4,89,96,34,55,7,0,2,1
33.9,79,8,26,65,11,2,1,1
27.9,76,80,29,91,1,0,1,0
22.4,42,55,50,97,3,0,0,0
40.7,89,16,78,106,12,3,1,2
34.1,41,97,29,60,2,0,0,1
18.2,78,158,41,94,11,0,1,0
30.4,45,78,34,97,10,0,0,1
19.7,41,34,25,74,9,2,0,0
20.4,70,68,52,68,12,0,1,0
21.0,70,80,33,45,3,0,1,0
18.8,51,128,23,114,10,0,0,0
20.2,43,192,38,109,2,0,0,0
29.1,91,95,26,40,1,0,2,0
32.8,47,120,21,91,8,0,0,1
31.0,59,71,34,100,6,0,0,1
26.8,41,0,56,105,12,1,0,0
32.9,58,59,27,73,12,0,0,1
36.0,65,158,30,81,5,0,0,1
38.5,75,188,56,86,8,0,1,2
20.1,44,96,51,70,9,0,0,0
31.4,62,186,74,101,1,0,0,1
34.7,90,88,22,76,5,0,2,1
32.5,70,144,73,101,1,0,1,1
29.2,81,91,58,74,5,0,2,0
39.1,65,79,76,56,9,0,0,2
23.7,90,164,34,70,8,0,2,0
36.0,58,32,31,66,12,3,0,1
32.0,76,45,52,53,8,0,1,1
22.3,49,95,72,65,11,0,0,0
18.6,47,148,25,78,10,0,0,0
31.0,71,123,30,75,7,0,1,1
29.0,42,172,52,46,11,0,0,0
26.4,93,131,34,88,7,0,2,0
20.0,55,142,49,85,9,0,0,0
36.4,78,30,46,67,1,3,1,2
28.3,80,56,74,87,5,0,1,0
26.8,52,6,38,106,1,1,0,0
20.1,74,108,71,114,2,0,1,0
33.9,51,199,39,95,12,0,0,1
32.8,65,130,33,53,9,0,0,1
37.0,81,69,64,42,6,0,2,2
22.7,68,187,55,77,5,0,1,0
20.1,45,168,52,62,10,0,0,0
24.8,75,143,79,43,4,0,1,0
27.4,50,119,78,115,11,0,0,0
34.6,79,58,44,78,9,0,1,1
21.6,70,54,34,68,9,0,1,0
18.1,42,90,79,83,11,0,0,0
22.7,72,106,47,112,11,0,1,0
37.7,88,111,34,58,9,0,2,2
18.4,76,116,40,57,3,0,1,0
30.6,95,151,29,44,7,0,2,1
20.8,82,149,61,84,1,0,2,0
25.1,94,155,24,105,3,0,2,0
38.2,87,108,33,65,6,0,2,2
27.4,54,171,54,111,5,0,0,0
35.7,52,143,48,89,7,0,0,1
39.5,60,135,33,73,5,0,0,2
22.4,40,75,23,88,12,0,0,0
36.9,94,155,80,83,5,0,2,2
37.3,76,96,35,108,12,0,1,2
31.6,65,101,55,102,4,0,0,1
40.2,44,50,35,112,10,0,0,2
35.9,48,40,28,77,8,3,0,1
36.2,69,36,57,86,12,3,1,2
20.9,84,113,34,99,9,0,2,0
29.4,73,169,64,108,8,0,1,0
25.0,50,165,55,65,5,0,0,0
23.5,94,2,22,44,11,2,1,0
40.2,41,75,37,99,6,0,0,2
41.4,75,47,40,47,2,0,1,2
27.5,80,121,68,105,4,0,1,0
36.3,68,151,20,81,12,0,1,2
29.6,83,32,64,80,5,1,1,0
18.9,95,56,78,85,6,0,2,0
20.2,64,151,20,107,5,0,0,0
18.9,90,154,31,108,7,0,2,0
19.2,46,85,68,42,4,0,0,0
22.2,50,191,80,56,6,0,0,0
33.9,53,79,53,56,7,0,0,1
18.8,56,66,44,108,7,0,0,0
35.0,45,53,44,58,1,0,0,1
22.4,87,31,58,84,8,1,1,0
18.7,53,24,20,55,9,2,0,0
30.1,92,170,47,60,4,0,2,1
28.6,67,109,54,66,11,0,1,0
32.9,86,153,34,75,5,0,2,1
21.6,41,142,67,109,6,0,0,0
20.5,75,117,21,54,12,0,1,0
24.3,90,152,68,83,8,0,2,0
22.3,87,198,65,48,8,0,2,0
39.2,94,93,21,63,11,0,2,2
20.6,80,144,40,64,12,0,1,0
31.6,40,46,75,62,3,0,0,1
27.2,81,93,71,112,1,0,2,0
36.2,70,78,71,78,6,0,1,2
40.9,94,143,72,83,6,0,2,2
21.1,70,39,47,79,6,1,1,0
28.0,59,164,63,91,12,0,0,0
19.0,59,134,56,45,5,0,0,0
26.8,40,130,35,88,11,0,0,0
27.3,89,58,58,81,5,0,2,0
19.5,83,67,73,118,7,0,2,0
41.1,71,102,45,110,4,0,1,2
20.5,91,31,60,62,12,1,1,0
32.5,78,163,43,52,12,0,1,1
31.3,70,44,57,49,8,0,1,1
29.9,47,90,39,61,12,0,0,0
32.0,52,154,36,92,10,0,0,1
41.6,71,139,30,101,8,0,1,2
27.3,95,121,66,87,3,0,2,0
40.3,91,73,29,71,2,0,2,2
32.8,76,165,47,75,9,0,1,1
34.5,83,91,60,104,1,0,2,1
21.0,81,85,72,98,11,0,2,0
29.3,80,131,75,83,12,0,1,0
23.3,94,115,21,73,9,0,2,0
31.9,47,146,34,101,9,0,0,1
20.9,78,75,45,43,3,0,1,0
22.3,74,7,75,65,8,1,1,0
27.2,84,101,45,104,2,0,2,0
38.4,41,172,26,73,7,0,0,2
39.1,81,195,78,96,4,0,2,2
33.8,72,115,41,115,4,0,1,1
30.1,71,54,75,113,2,0,1,1
31.6,68,116,62,45,4,0,1,1
41.6,87,34,79,56,6,3,1,2
36.3,93,177,21,79,4,0,2,2
20.4,63,44,70,106,1,0,0,0
24.4,51,187,68,58,8,0,0,0
38.2,88,102,20,79,10,0,2,2
27.6,47,53,31,69,11,0,0,0
37.8,63,144,23,101,12,0,0,2
20.5,44,61,80,86,6,0,0,0
30.8,80,3,34,64,1,1,1,1
18.0,66,173,57,100,7,0,1,0
38.2,61,54,60,47,6,0,0,2
30.0,83,15,28,52,6,2,1,0
19.7,58,100,25,61,8,0,0,0
41.4,47,8,58,114,12,3,0,2
30.6,61,142,46,91,1,0,0,1
19.6,47,86,51,90,4,0,0,0
24.3,77,76,63,62,9,0,1,0
30.6,56,108,26,87,6,0,0,1
21.5,74,6,67,100,5,1,1,0
31.1,59,49,23,104,3,0,0,1
18.8,64,85,74,116,12,0,0,0
21.0,65,196,28,100,9,0,0,0
30.5,55,142,46,104,1,0,0,1
27.1,58,183,20,105,2,0,0,0
21.7,86,142,39,115,12,0,2,0
24.4,79,28,43,43,8,1,1,0
18.6,46,107,47,55,1,0,0,0
27.4,78,3,55,108,8,1,1,0
38.0,80,113,70,44,12,0,1,2
33.9,75,145,53,78,6,0,1,1
38.0,92,125,26,107,9,0,2,2
18.4,72,81,40,107,9,0,1,0
33.0,84,120,57,94,8,0,2,1
26.1,41,84,54,80,12,0,0,0
32.8,40,63,66,73,8,0,0,1
26.4,46,164,65,106,12,0,0,0
38.2,69,146,45,71,7,0,1,2
23.3,75,163,40,82,3,0,1,0
27.1,47,46,40,112,2,0,0,0
35.5,68,167,49,58,1,0,1,1
27.9,40,38,43,62,12,1,0,0
24.5,86,88,42,114,11,0,2,0
41.7,74,33,51,115,6,3,1,2
27.6,54,138,67,51,11,0,0,0
38.5,48,144,37,116,6,0,0,2
37.1,58,78,44,113,8,0,0,2
34.6,93,107,66,115,12,0,2,1
26.1,42,170,47,79,5,0,0,0
25.6,63,159,55,44,2,0,0,0
18.6,77,84,39,43,11,0,1,0
22.0,91,126,52,55,6,0,2,0
36.6,66,197,51,61,8,0,1,2
26.6,74,154,39,112,7,0,1,0
20.0,72,120,35,114,11,0,1,0
40.9,93,168,71,119,11,0,2,2
30.3,67,7,42,68,4,1,1,1
34.2,50,114,41,92,6,0,0,1
29.6,92,155,54,73,2,0,2,0
40.9,71,143,48,52,5,0,1,2
32.3,83,75,73,78,8,0,2,1
22.1,62,84,42,119,12,0,0,0
30.5,58,123,37,113,10,0,0,1
41.1,47,139,54,62,11,0,0,2
38.3,88,112,54,53,11,0,2,2
31.7,40,155,66,82,9,0,0,1
30.5,51,197,20,91,2,0,0,1
29.7,86,138,65,49,9,0,2,0
24.0,79,107,55,66,11,0,1,0
38.8,66,63,26,52,10,0,1,2
36.2,76,56,79,116,2,0,1,2
24.1,47,156,52,106,8,0,0,0
40.9,45,175,34,105,6,0,0,2
33.7,52,49,26,87,8,0,0,1
35.5,84,14,79,46,1,3,1,1
33.6,44,63,34,81,6,0,0,1
24.8,72,176,50,42,6,0,1,0
36.5,70,156,27,112,9,0,1,2
18.7,58,87,31,64,9,0,0,0
36.0,50,111,30,79,6,0,0,1
27.2,69,188,35,114,7,0,1,0
23.6,46,186,40,75,12,0,0,0
36.6,92,115,63,51,6,0,2,2
31.4,54,7,74,40,10,1,0,1
28.9,78,140,70,108,11,0,1,0
38.8,56,168,53,44,8,0,0,2
36.0,92,45,37,103,9,0,1,1
29.6,95,130,68,117,12,0,2,0
38.8,50,163,53,90,9,0,0,2
41.8,71,187,23,96,9,0,1,2
36.5,82,178,38,50,7,0,2,2
29.1,69,121,24,49,1,0,1,0
25.4,95,148,65,90,12,0,2,0
27.7,83,165,73,107,5,0,2,0
19.0,73,124,34,99,11,0,1,0
21.7,52,77,42,90,6,0,0,0
24.8,58,182,72,72,9,0,0,0
27.7,54,126,32,65,1,0,0,0
33.0,52,104,54,97,10,0,0,1
24.4,52,32,29,68,5,2,0,0
34.8,85,144,51,42,3,0,2,1
28.7,72,69,31,69,8,0,1,0
24.2,53,56,74,41,10,0,0,0
18.5,46,40,61,87,7,1,0,0
38.1,48,55,68,68,7,0,0,2
22.1,74,123,41,70,6,0,1,0
41.2,54,40,76,66,9,3,0,2
23.1,58,19,54,74,10,1,0,0
21.1,55,150,31,101,2,0,0,0
34.2,60,100,65,86,11,0,0,1
33.8,95,70,69,89,8,0,2,1
22.8,90,160,32,47,2,0,2,0
25.7,46,149,61,94,2,0,0,0
34.0,86,62,71,45,10,0,2,1
30.9,78,137,65,73,8,0,1,1
23.6,83,148,28,71,10,0,2,0
27.5,44,112,57,82,2,0,0,0
38.7,73,54,54,81,5,0,1,2
28.2,47,16,55,44,5,1,0,0
28.5,41,175,30,60,3,0,0,0
40.3,47,15,79,92,2,3,0,2
29.8,40,61,48,91,5,0,0,0
27.8,68,149,56,67,2,0,1,0
36.9,49,144,46,63,3,0,0,2
29.9,51,50,45,82,4,0,0,0
34.8,56,184,77,84,3,0,0,1
20.3,55,188,49,106,9,0,0,0
38.4,56,113,26,80,12,0,0,2
22.1,87,106,34,94,5,0,2,0
37.2,62,69,52,89,3,0,0,2
18.4,57,81,75,49,8,0,0,0
34.0,53,94,46,55,10,0,0,1
27.0,68,23,21,90,7,2,1,0
22.6,83,118,73,98,9,0,2,0
37.0,92,96,38,70,6,0,2,2
27.6,82,60,80,58,10,0,2,0
39.7,92,32,24,115,9,3,1,2
24.4,63,98,30,120,9,0,0,0
18.1,83,158,42,66,7,0,2,0
30.2,84,146,74,87,11,0,2,1
26.7,70,124,64,44,1,0,1,0
39.8,84,101,61,88,2,0,2,2
23.0,88,100,69,71,1,0,2,0
41.6,76,142,72,85,9,0,1,2
33.7,82,187,65,112,6,0,2,1
25.6,50,39,65,96,11,1,0,0
27.9,43,10,42,68,9,1,0,0
25.0,78,118,21,62,11,0,1,0
18.3,84,76,80,88,2,0,2,0
26.8,62,169,68,43,10,0,0,0
18.7,94,9,37,44,12,1,1,0
18.1,72,189,28,77,1,0,1,0
24.6,46,183,30,77,4,0,0,0
30.5,81,199,74,89,1,0,2,1
22.2,90,95,48,70,11,0,2,0
23.6,43,192,70,91,12,0,0,0
39.2,89,164,30,44,1,0,2,2
22.0,89,161,23,75,3,0,2,0
28.2,90,75,45,99,6,0,2,0
29.4,92,110,49,50,7,0,2,0
41.1,47,133,56,53,10,0,0,2
22.1,86,135,71,77,7,0,2,0
19.9,78,93,35,49,3,0,1,0
37.0,92,105,20,46,7,0,2,2
28.2,66,189,36,120,11,0,1,0
38.2,95,162,72,112,11,0,2,2
28.4,85,126,22,55,8,0,2,0
38.5,50,131,60,72,12,0,0,2
36.9,84,52,39,73,6,0,2,2
33.4,58,94,35,76,4,0,0,1
35.3,92,52,62,75,2,0,2,1
18.7,85,6,72,73,5,1,1,0
40.2,77,57,28,78,5,0,1,2
33.0,69,59,54,54,3,0,1,1
41.7,82,46,42,115,9,0,1,2
26.4,62,101,43,120,9,0,0,0
25.2,75,27,52,108,11,1,1,0
34.4,58,182,23,46,10,0,0,1
42.0,43,108,62,78,9,0,0,2
19.9,70,151,46,84,9,0,1,0
38.7,50,17,60,107,4,3,0,2
24.0,44,189,67,73,8,0,0,0
32.2,72,176,72,90,3,0,1,1
33.2,50,34,24,96,2,2,0,1
38.2,45,22,80,42,12,3,0,2
23.1,89,169,30,119,11,0,2,0
33.4,42,92,80,109,8,0,0,1
22.9,46,9,40,71,10,1,0,0
38.6,85,169,60,115,4,0,2,2
36.6,52,27,46,60,2,3,0,2
32.5,49,65,74,68,8,0,0,1
21.9,82,88,41,60,7,0,2,0
21.9,90,25,73,89,7,1,1,0
35.7,64,181,60,104,1,0,0,1
33.8,43,164,56,76,8,0,0,1
38.4,44,60,34,96,8,0,0,2
22.4,88,161,52,74,7,0,2,0
29.5,84,131,49,62,7,0,2,0
21.7,53,126,32,60,2,0,0,0
40.5,44,97,71,118,2,0,0,2
34.8,75,156,47,47,7,0,1,1
36.4,62,70,25,45,8,0,0,2
19.4,62,18,20,48,9,2,0,0
22.0,81,162,80,84,4,0,2,0
31.3,52,48,66,90,10,0,0,1
30.3,94,175,37,94,5,0,2,1
40.3,61,50,74,42,8,0,0,2
33.9,40,119,41,85,11,0,0,1
27.8,66,110,44,58,6,0,1,0
41.1,73,171,20,46,8,0,1,2
30.6,83,116,31,114,1,0,2,1
39.3,67,20,20,107,10,3,1,2
35.4,49,102,43,65,4,0,0,1
40.1,86,87,31,43,6,0,2,2
34.0,51,66,79,96,8,0,0,1
33.4,80,111,54,99,10,0,1,1
35.1,72,187,63,84,1,0,1,1
19.6,48,142,35,52,7,0,0,0
41.5,94,69,41,116,9,0,2,2
39.6,56,122,75,102,7,0,0,2
38.7,42,139,61,96,2,0,0,2
39.7,86,70,71,111,8,0,2,2
20.6,47,0,78,92,4,1,0,0
37.5,92,61,65,112,12,0,2,2
26.3,41,27,24,97,3,2,0,0
18.6,51,23,46,116,3,1,0,0
28.5,62,69,26,52,8,0,0,0
26.3,51,137,79,79,1,0,0,0
28.8,57,180,23,89,9,0,0,0
35.3,54,163,50,100,5,0,0,1
35.7,82,90,74,112,4,0,2,1
36.9,41,173,72,111,10,0,0,2
31.3,55,54,52,60,10,0,0,1
26.2,63,130,44,100,12,0,0,0
26.0,40,158,80,72,12,0,0,0
39.1,71,166,35,76,11,0,1,2
26.8,41,27,22,76,10,2,0,0
19.8,91,33,69,111,11,1,1,0
19.1,57,99,72,54,6,0,0,0
27.4,65,23,37,61,12,1,0,0
33.2,55,198,53,68,8,0,0,1
30.3,64,33,70,85,8,1,0,1
41.6,59,160,34,71,11,0,0,2
18.2,53,25,59,50,10,1,0,0
18.1,71,22,45,108,11,1,1,0
37.2,66,81,59,54,10,0,1,2
24.2,52,198,71,112,7,0,0,0
21.1,64,103,27,98,1,0,0,0
29.6,77,101,32,98,11,0,1,0
33.9,40,72,61,49,9,0,0,1
28.0,42,98,21,61,1,0,0,0
26.0,76,178,68,44,1,0,1,0
33.3,75,149,67,56,1,0,1,1
34.8,52,53,36,80,4,0,0,1
34.8,41,63,20,71,6,0,0,1
41.7,94,109,39,110,4,0,2,2
19.2,47,173,30,83,2,0,0,0
25.0,40,198,63,89,7,0,0,0
41.1,69,85,58,51,4,0,1,2
41.0,60,132,61,43,5,0,0,2
20.8,53,30,27,94,3,2,0,0
41.7,87,105,62,72,11,0,2,2
32.6,80,167,65,112,10,0,1,1
38.5,58,3,39,68,9,3,0,2
31.4,55,143,53,76,12,0,0,1
24.7,68,74,52,63,3,0,1,0
22.9,63,70,52,81,12,0,0,0
41.9,82,35,34,98,1,3,1,2
38.8,53,159,72,103,1,0,0,2
30.0,55,134,36,107,8,0,0,0
25.8,87,78,64,43,5,0,2,0
19.6,60,35,50,86,7,1,0,0
31.4,63,29,37,78,6,1,0,1
37.3,91,135,49,42,5,0,2,2
25.6,70,86,29,48,8,0,1,0
24.0,52,1,24,102,9,2,0,0
35.9,75,180,49,92,10,0,1,1
28.6,91,137,71,74,12,0,2,0
23.7,59,98,44,86,1,0,0,0
41.6,76,6,67,61,5,3,1,2
38.9,58,87,59,70,9,0,0,2
20.3,43,25,20,70,8,2,0,0
18.8,60,6,51,103,1,1,0,0
20.0,51,42,37,54,11,0,0,0
28.8,69,170,57,59,5,0,1,0
24.5,81,51,70,104,3,0,2,0
32.9,95,171,48,81,12,0,2,1
40.1,56,104,25,106,12,0,0,2
35.3,63,22,80,120,1,3,0,1
28.0,65,186,27,104,12,0,0,0
30.9,76,192,31,117,4,0,1,1
25.9,74,110,60,86,1,0,1,0
33.8,94,113,45,67,5,0,2,1
23.8,41,182,24,99,2,0,0,0
24.7,44,5,46,92,2,1,0,0
28.1,86,168,35,111,2,0,2,0
26.0,66,155,71,49,6,0,1,0
33.7,47,172,68,79,6,0,0,1
31.4,77,84,79,72,10,0,1,1
35.9,88,50,53,60,6,0,1,1
26.6,64,61,38,53,6,0,0,0
21.6,87,6,52,40,12,1,1,0
31.2,41,55,27,118,11,0,0,1
39.6,67,14,58,87,11,3,1,2
38.1,84,104,47,53,11,0,2,2
32.2,43,9,31,109,1,1,0,1
36.1,78,132,59,44,8,0,1,2
38.7,65,195,26,98,7,0,0,2
18.5,49,30,54,104,10,1,0,0
29.2,91,42,37,44,9,0,1,0
24.2,56,41,34,98,1,0,0,0
32.5,70,99,71,55,5,0,1,1
23.5,67,81,67,64,9,0,1,0
32.1,57,163,67,115,1,0,0,1
38.7,42,37,79,100,2,3,0,2
20.9,42,93,70,110,1,0,0,0
32.1,93,109,57,72,8,0,2,1
36.6,45,49,35,71,12,0,0,2
30.0,48,194,70,91,4,0,0,0
24.0,46,199,67,78,11,0,0,0
26.0,86,122,33,114,8,0,2,0
39.1,76,131,30,50,12,0,1,2
24.5,83,13,66,112,3,1,1,0
22.4,86,142,75,96,5,0,2,0
21.5,55,33,75,95,2,1,0,0
40.9,56,186,29,45,9,0,0,2
24.4,68,163,70,59,11,0,1,0
37.3,44,0,62,96,11,3,0,2
23.2,91,7,28,59,3,2,1,0
38.7,68,197,53,85,11,0,1,2
23.4,67,188,58,113,4,0,1,0
24.2,88,183,71,87,8,0,2,0
24.4,65,121,77,45,7,0,0,0
39.2,80,87,28,104,3,0,1,2
29.3,94,176,63,51,7,0,2,0
33.6,93,155,53,101,1,0,2,1
27.1,78,44,66,73,3,0,1,0
27.4,52,45,62,92,7,0,0,0
38.1,93,81,74,90,1,0,2,2
37.6,88,48,76,73,12,0,1,2
30.0,57,83,33,93,3,0,0,0
37.7,77,199,37,63,5,0,1,2
25.2,86,177,48,88,5,0,2,0
18.8,60,178,62,77,8,0,0,0
40.4,65,82,68,58,12,0,0,2
29.1,70,67,41,87,10,0,1,0
23.0,68,146,43,52,12,0,1,0
28.0,88,120,47,78,8,0,2,0
29.7,78,118,73,79,6,0,1,0
40.7,59,107,52,62,1,0,0,2
19.3,42,162,45,55,7,0,0,0
20.4,84,93,27,47,4,0,2,0
39.2,72,76,40,91,5,0,1,2
40.0,81,171,23,114,2,0,2,2
29.8,59,101,30,116,4,0,0,0
36.9,89,154,61,91,9,0,2,2
29.1,58,66,52,90,5,0,0,0
18.1,87,8,40,88,3,1,1,0
32.1,44,37,20,71,12,2,0,1
26.9,63,179,35,67,11,0,0,0
39.1,66,123,77,77,6,0,1,2
24.5,86,33,35,100,5,1,1,0
30.3,87,187,61,94,12,0,2,1
19.4,94,84,72,56,1,0,2,0
37.6,80,200,43,53,12,0,1,2
27.9,69,67,33,97,2,0,1,0
34.5,55,200,31,117,3,0,0,1
27.0,48,161,55,50,4,0,0,0
18.9,88,155,33,107,10,0,2,0
39.2,43,49,72,97,5,0,0,2
40.2,74,3,34,94,8,3,1,2
22.5,48,160,24,57,1,0,0,0
31.4,64,168,79,50,6,0,0,1
21.8,92,196,69,113,2,0,2,0
22.8,70,182,49,119,4,0,1,0
26.9,85,92,55,82,6,0,2,0
23.7,89,132,51,65,1,0,2,0
20.4,62,38,77,99,7,1,0,0
18.3,53,1,50,53,11,1,0,0
23.3,83,63,56,120,10,0,2,0
18.6,95,28,25,78,6,2,1,0
33.5,48,131,57,116,12,0,0,1
37.1,44,44,34,78,6,0,0,2
42.0,45,135,58,110,9,0,0,2
29.7,51,132,41,55,9,0,0,0
39.8,80,52,38,94,9,0,1,2
20.2,78,42,64,82,8,0,1,0
41.3,53,173,33,54,8,0,0,2
20.8,45,1,76,110,12,1,0,0
33.4,47,170,58,62,10,0,0,1
27.0,46,53,77,82,10,0,0,0
32.8,82,187,25,116,4,0,2,1
22.2,88,93,76,70,5,0,2,0
29.6,49,24,28,47,10,2,0,0
26.6,49,186,44,42,11,0,0,0
18.9,47,62,76,120,10,0,0,0
36.5,72,3,26,100,2,3,1,2
34.9,72,69,46,111,1,0,1,1
30.3,40,9,59,89,7,1,0,1
21.2,54,143,41,110,8,0,0,0
34.8,88,29,58,55,3,1,1,1
37.1,54,182,39,93,1,0,0,2
20.7,62,43,80,103,10,0,0,0
28.8,59,86,68,78,1,0,0,0
27.9,42,22,26,55,1,2,0,0
29.6,54,15,54,72,11,1,0,0
36.2,61,26,48,76,6,3,0,2
25.0,64,118,35,43,11,0,0,0
34.1,84,82,80,84,6,0,2,1
21.6,44,153,33,108,10,0,0,0
35.5,93,187,29,106,5,0,2,1
28.7,92,80,63,43,10,0,2,0
38.6,94,108,58,72,5,0,2,2
21.9,73,87,66,111,2,0,1,0
23.8,45,32,33,100,10,1,0,0
23.7,81,170,47,58,3,0,2,0
28.5,79,122,43,106,4,0,1,0
30.4,67,38,56,58,3,1,1,1
38.8,81,159,68,115,2,0,2,2
37.4,93,68,34,95,4,0,2,2
36.3,56,104,63,90,11,0,0,2
28.9,78,185,44,84,10,0,1,0
37.1,53,188,43,73,3,0,0,2
33.3,72,4,24,65,10,2,1,1
20.8,40,194,39,65,2,0,0,0
25.4,69,136,23,55,11,0,1,0
36.2,47,96,26,90,2,0,0,2
34.7,81,36,68,57,8,1,1,1
40.3,47,104,22,114,2,0,0,2
38.0,69,163,76,54,12,0,1,2
34.8,88,193,55,120,6,0,2,1
41.1,66,140,45,120,7,0,1,2
39.5,68,110,52,73,12,0,1,2
21.0,68,153,74,65,4,0,1,0
18.5,87,53,73,49,7,0,2,0
19.8,40,187,63,81,8,0,0,0
19.3,71,120,32,96,2,0,1,0
39.3,88,173,79,67,1,0,2,2
37.2,72,161,33,100,11,0,1,2
29.9,43,116,46,92,11,0,0,0
33.5,59,117,39,59,3,0,0,1
30.6,79,87,56,73,6,0,1,1
19.5,48,159,58,95,11,0,0,0
41.2,76,84,21,120,7,0,1,2
36.8,47,25,61,54,2,3,0,2
32.6,59,110,42,56,5,0,0,1
32.1,49,40,71,53,10,1,0,1
35.3,65,4,48,89,9,3,0,1
41.4,80,7,68,120,6,3,1,2
34.0,77,62,48,49,7,0,1,1
36.2,74,62,33,58,10,0,1,2
41.9,86,103,74,112,9,0,2,2
35.2,43,133,32,94,12,0,0,1
24.4,84,7,61,80,10,1,1,0
27.2,41,127,69,60,3,0,0,0
38.6,64,20,76,101,6,3,0,2
38.9,47,151,25,88,6,0,0,2
35.8,87,198,69,41,5,0,2,1
22.5,47,99,63,95,8,0,0,0
21.6,94,122,29,95,10,0,2,0
34.1,44,62,37,60,12,0,0,1
23.4,91,96,62,94,9,0,2,0
21.3,73,53,79,111,4,0,1,0
36.2,60,107,27,114,3,0,0,2
34.2,63,41,53,49,12,0,0,1
38.9,47,82,44,115,12,0,0,2
39.5,76,52,78,59,4,0,1,2
30.7,78,28,31,62,9,1,1,1
41.4,55,113,67,69,5,0,0,2
33.9,69,171,71,75,2,0,1,1
29.7,58,149,20,77,6,0,0,0
27.7,44,32,40,91,5,1,0,0
30.0,82,110,47,85,2,0,2,0
27.9,94,200,24,114,1,0,2,0
25.6,60,176,38,115,3,0,0,0
26.8,56,67,70,80,4,0,0,0
21.9,42,17,73,52,10,1,0,0
31.8,58,29,41,61,6,1,0,1
25.7,83,61,42,57,12,0,2,0
27.6,73,115,44,111,6,0,1,0
23.4,90,75,30,64,2,0,2,0
32.1,66,153,44,70,11,0,1,1
37.2,54,169,25,117,9,0,0,2
23.3,65,64,39,84,9,0,0,0
27.4,86,55,58,63,8,0,2,0
20.7,62,193,29,80,1,0,0,0
31.6,61,5,75,111,8,1,0,1
38.6,82,175,22,109,11,0,2,2
27.2,94,78,65,63,4,0,2,0
40.4,58,35,72,79,1,3,0,2
20.6,57,3,26,66,3,2,0,0
32.9,70,63,40,116,5,0,1,1
22.3,88,53,37,104,11,0,2,0
28.5,83,123,23,52,12,0,2,0
20.5,40,99,45,96,5,0,0,0
35.4,54,53,27,61,10,0,0,1
23.4,82,142,55,43,12,0,2,0
35.9,83,176,57,58,2,0,2,1
29.5,49,139,37,94,2,0,0,0
30.9,77,17,24,80,9,2,1,1
26.1,91,147,42,88,3,0,2,0
25.2,72,57,42,98,12,0,1,0
26.6,80,192,72,59,11,0,1,0
40.5,72,153,50,55,1,0,1,2
39.5,78,4,43,103,9,3,1,2
34.4,71,157,66,44,12,0,1,1
27.9,45,59,60,55,8,0,0,0
39.9,78,85,57,45,5,0,1,2
28.2,84,190,54,97,7,0,2,0
32.0,58,55,66,43,4,0,0,1
24.0,50,0,49,69,8,1,0,0
20.0,49,58,45,75,10,0,0,0
35.7,75,27,36,109,11,3,1,1
26.4,44,16,32,46,1,1,0,0
21.8,53,139,25,79,11,0,0,0
24.5,42,66,67,89,3,0,0,0
37.1,47,101,38,76,9,0,0,2
38.2,51,106,77,52,8,0,0,2
34.4,59,73,51,113,9,0,0,1
29.6,82,30,64,86,11,1,1,0
27.3,64,121,49,45,2,0,0,0
20.2,62,90,45,73,11,0,0,0
34.9,57,24,46,45,10,1,0,1
41.1,76,0,53,73,6,3,1,2
35.4,61,176,72,102,1,0,0,1
27.9,76,30,24,105,8,2,1,0
37.8,71,175,39,111,2,0,1,2
30.1,55,186,66,81,4,0,0,1
24.4,76,200,54,55,6,0,1,0
21.9,88,57,45,68,2,0,2,0
27.0,87,88,80,97,12,0,2,0
38.9,44,64,35,90,4,0,0,2
19.8,40,1,63,69,5,1,0,0
22.4,87,116,52,117,9,0,2,0
19.6,89,145,78,46,2,0,2,0
39.9,87,130,24,82,12,0,2,2
38.1,56,165,58,74,5,0,0,2
30.1,94,96,22,113,4,0,2,1
28.8,92,97,27,113,11,0,2,0
22.9,52,83,79,106,12,0,0,0
27.4,49,37,51,99,1,1,0,0
19.6,68,175,71,78,7,0,1,0
41.3,70,174,72,96,1,0,1,2
23.1,84,131,66,88,1,0,2,0
25.2,81,172,53,78,7,0,2,0
31.0,82,154,58,119,12,0,2,1
34.8,85,146,48,106,6,0,2,1
41.5,80,9,23,66,12,3,1,2
35.3,63,197,66,81,5,0,0,1
31.3,81,188,61,91,12,0,2,1
28.5,75,25,79,78,11,1,1,0
20.4,84,144,53,117,1,0,2,0
31.9,74,24,43,49,8,1,1,1
38.5,92,157,59,43,5,0,2,2
26.5,85,135,63,40,10,0,2,0
24.7,82,129,56,84,1,0,2,0
25.1,89,22,62,44,1,1,1,0
34.0,47,150,57,109,3,0,0,1
19.4,44,92,37,114,7,0,0,0
35.5,60,183,33,41,2,0,0,1
25.4,43,84,45,56,1,0,0,0
21.3,70,59,29,54,3,0,1,0
30.8,68,12,62,57,5,1,1,1
18.1,64,30,25,115,9,2,0,0
20.7,95,27,28,101,6,2,1,0
29.5,85,24,76,91,6,1,1,0
38.1,54,81,30,101,9,0,0,2
36.2,73,28,32,81,8,3,1,2
31.0,67,165,50,46,6,0,1,1
41.4,87,45,50,45,8,0,1,2
28.1,91,136,58,57,11,0,2,0
26.7,61,168,58,88,11,0,0,0
20.5,56,54,42,97,11,0,0,0
33.9,89,127,29,70,3,0,2,1
33.1,56,4,53,47,2,1,0,1
34.1,55,130,62,92,11,0,0,1
27.3,43,6,72,75,11,1,0,0
26.9,57,117,77,51,4,0,0,0
41.8,76,186,31,40,3,0,1,2
23.5,84,80,28,63,10,0,2,0
34.7,65,97,35,96,10,0,0,1
40.6,61,125,29,115,5,0,0,2
26.6,93,119,21,92,8,0,2,0
36.1,80,178,52,107,1,0,1,2
29.1,86,82,40,76,6,0,2,0
40.3,44,117,58,81,8,0,0,2
39.2,93,57,79,49,8,0,2,2
28.5,75,72,30,115,7,0,1,0
36.8,75,85,76,54,6,0,1,2
21.6,76,89,50,57,5,0,1,0
22.5,83,96,79,109,1,0,2,0
30.6,74,61,39,42,12,0,1,1
23.0,68,193,58,58,2,0,1,0
20.2,83,25,67,54,8,1,1,0
36.2,52,192,29,102,11,0,0,2
37.1,92,161,68,111,10,0,2,2
32.2,79,145,40,113,1,0,1,1
29.9,43,69,46,78,12,0,0,0
36.5,88,112,58,41,10,0,2,2
27.8,88,68,59,104,7,0,2,0
35.7,53,184,66,81,1,0,0,1
20.9,92,22,61,86,9,1,1,0
32.1,55,6,64,99,3,1,0,1
22.4,54,48,38,103,6,0,0,0
21.0,95,42,69,58,9,0,1,0
26.7,57,86,71,61,7,0,0,0
40.5,89,15,59,109,9,3,1,2
35.7,93,121,37,97,3,0,2,1
21.3,50,79,63,116,7,0,0,0
33.9,56,124,27,91,8,0,0,1
37.6,52,36,46,80,10,3,0,2
34.9,64,197,26,40,10,0,0,1
25.8,48,70,55,74,4,0,0,0
29.2,65,162,44,74,2,0,0,0
35.3,58,195,36,77,11,0,0,1
20.5,68,56,25,118,3,0,1,0
33.4,93,196,65,88,5,0,2,1
19.4,40,66,27,40,6,0,0,0
24.0,79,0,30,116,10,1,1,0
33.8,59,142,30,110,4,0,0,1
28.1,57,39,49,85,5,1,0,0
30.3,91,129,58,48,12,0,2,1
39.7,55,132,31,60,4,0,0,2
21.9,43,71,54,42,9,0,0,0
36.0,65,166,80,84,7,0,0,1
21.1,42,65,67,99,3,0,0,0
35.5,66,85,35,74,9,0,1,1
19.6,45,143,25,90,1,0,0,0
38.3,87,85,55,59,7,0,2,2
41.6,83,93,44,83,4,0,2,2
19.3,54,133,74,79,8,0,0,0
27.5,45,82,71,67,12,0,0,0
40.3,83,142,35,66,3,0,2,2
33.5,58,3,54,97,4,1,0,1
30.3,47,175,78,101,10,0,0,1
27.4,49,47,69,48,5,0,0,0
30.1,46,68,23,63,2,0,0,1
41.2,48,103,53,52,6,0,0,2
19.7,62,24,44,55,3,1,0,0
23.7,95,66,36,77,12,0,2,0
40.6,72,135,44,82,5,0,1,2
23.9,60,40,27,40,3,2,0,0
22.0,71,172,27,112,11,0,1,0
30.6,87,16,25,55,2,2,1,1
31.9,44,22,59,98,7,1,0,1
37.3,68,5,53,45,4,3,1,2
34.0,62,141,52,80,3,0,0,1
30.5,48,65,68,85,11,0,0,1
37.6,65,167,42,101,6,0,0,2
32.8,88,0,67,70,1,1,1,1
19.9,56,23,59,63,12,1,0,0
25.7,51,176,48,62,6,0,0,0
33.4,40,93,33,66,6,0,0,1
28.0,71,38,20,61,12,2,1,0
22.6,61,9,53,51,11,1,0,0
19.1,88,21,57,72,4,1,1,0
30.8,48,199,44,44,1,0,0,1
26.5,71,24,28,70,4,2,1,0
23.7,60,163,36,44,7,0,0,0
21.1,54,40,69,110,2,1,0,0
29.2,79,12,29,96,12,2,1,0
27.0,67,187,77,81,10,0,1,0
37.6,72,145,76,47,2,0,1,2
35.2,94,189,73,107,10,0,2,1
24.7,82,117,48,70,6,0,2,0
38.4,70,116,64,58,2,0,1,2
32.0,40,57,47,116,1,0,0,1
41.7,41,179,52,85,11,0,0,2
22.0,80,167,22,105,10,0,1,0
27.2,69,135,30,112,10,0,1,0
19.0,83,200,46,51,8,0,2,0
39.1,74,46,69,111,4,0,1,2
38.7,50,111,27,67,11,0,0,2
29.6,49,122,73,84,1,0,0,0
33.8,41,128,37,88,10,0,0,1
33.8,55,92,80,93,5,0,0,1
22.7,72,143,50,108,7,0,1,0
34.0,95,67,58,58,8,0,2,1
40.9,84,155,77,113,8,0,2,2
25.2,51,66,78,108,9,0,0,0
27.1,82,32,61,55,2,1,1,0
31.4,93,124,22,48,11,0,2,1
38.2,73,61,53,48,12,0,1,2
24.3,64,72,35,105,3,0,0,0
31.8,66,88,51,83,11,0,1,1
26.5,74,90,32,117,8,0,1,0
28.3,74,134,23,88,7,0,1,0
38.6,82,66,75,83,2,0,2,2
27.1,81,88,80,57,8,0,2,0
33.4,89,29,50,59,12,1,1,1
38.3,64,18,65,47,9,3,0,2
22.6,61,20,67,115,9,1,0,0
25.9,77,182,75,43,11,0,1,0
19.1,88,31,79,92,6,1,1,0
32.7,67,85,29,120,12,0,1,1
38.9,88,35,21,70,1,3,1,2
39.8,67,174,29,92,11,0,1,2
23.8,82,85,63,86,10,0,2,0
38.5,41,6,46,41,6,3,0,2
29.4,74,94,76,96,2,0,1,0
41.3,47,128,62,110,8,0,0,2
20.3,77,188,74,83,12,0,1,0
41.3,59,113,49,48,4,0,0,2
32.5,89,43,21,85,12,0,1,1
41.0,51,52,25,49,5,0,0,2
20.4,70,196,29,99,8,0,1,0
24.8,83,66,54,89,3,0,2,0
39.6,44,39,44,119,10,3,0,2
32.1,43,158,27,120,12,0,0,1
39.5,52,145,62,54,2,0,0,2
30.7,92,13,46,109,1,1,1,1
31.0,92,97,28,64,7,0,2,1
38.6,94,181,43,42,6,0,2,2
25.3,92,24,20,57,12,2,1,0
41.8,49,10,66,115,10,3,0,2
23.0,44,168,23,88,10,0,0,0
21.5,61,154,36,79,5,0,0,0
30.3,41,3,58,98,5,1,0,1
38.2,58,168,62,99,12,0,0,2
30.3,44,37,27,82,10,2,0,1
28.2,60,92,27,85,2,0,0,0
41.9,57,51,22,68,3,0,0,2
18.4,84,148,53,103,1,0,2,0
35.6,40,156,60,80,9,0,0,1
41.3,83,126,25,56,1,0,2,2
25.9,67,102,34,107,10,0,1,0
19.2,47,67,36,109,12,0,0,0
21.9,93,162,40,86,6,0,2,0
26.2,44,94,43,62,11,0,0,0
38.6,43,103,45,47,1,0,0,2
39.2,61,21,49,74,10,3,0,2
20.3,67,17,33,86,3,1,1,0
33.9,45,104,24,114,12,0,0,1
19.3,84,189,56,108,9,0,2,0
38.7,44,182,42,76,6,0,0,2
28.4,48,31,61,68,7,1,0,0
22.2,58,170,55,111,2,0,0,0
20.2,69,67,47,59,3,0,1,0
41.1,82,138,64,114,3,0,2,2
32.4,51,187,63,62,2,0,0,1
39.9,73,112,49,64,12,0,1,2
40.2,76,199,38,108,2,0,1,2
18.7,48,58,39,69,10,0,0,0
39.1,79,186,47,83,2,0,1,2
22.2,64,155,67,55,4,0,0,0
27.1,68,105,47,94,2,0,1,0
26.7,64,21,33,118,10,1,0,0
36.7,59,137,70,103,2,0,0,2
42.0,80,104,28,41,9,0,1,2
18.5,93,17,20,105,7,2,1,0
24.9,49,194,79,60,5,0,0,0
20.4,72,129,22,56,11,0,1,0
35.8,74,105,49,77,3,0,1,1
37.2,53,109,51,67,3,0,0,2
23.8,61,58,44,82,5,0,0,0
31.6,54,168,21,68,2,0,0,1
21.1,44,174,25,98,5,0,0,0
29.4,79,104,21,108,3,0,1,0
32.4,72,46,52,101,3,0,1,1
31.6,70,192,42,57,9,0,1,1
40.1,79,171,77,113,12,0,1,2
28.8,89,72,76,116,7,0,2,0
20.4,48,0,24,46,3,2,0,0
21.2,88,196,48,108,3,0,2,0
30.5,88,109,74,42,6,0,2,1
33.4,77,11,78,40,11,1,1,1
35.1,65,76,24,61,12,0,0,1
18.9,74,198,79,84,8,0,1,0
32.7,83,152,68,98,9,0,2,1
34.9,78,41,44,97,6,0,1,1
31.4,75,67,34,43,5,0,1,1
41.4,69,191,28,113,1,0,1,2
30.8,60,166,33,66,1,0,0,1
28.6,84,76,46,98,5,0,2,0
38.4,66,1,36,55,1,3,1,2
37.2,87,184,62,105,4,0,2,2
34.1,64,11,78,96,5,1,0,1
40.3,91,200,69,99,5,0,2,2
33.9,50,191,64,83,6,0,0,1
41.9,87,65,29,101,5,0,2,2
32.1,78,171,57,101,10,0,1,1
37.7,44,20,71,86,5,3,0,2
26.6,42,147,44,80,10,0,0,0
27.2,75,131,46,40,6,0,1,0
23.1,64,64,34,82,9,0,0,0
23.2,56,80,32,60,6,0,0,0
20.2,89,176,59,118,7,0,2,0
40.8,73,83,37,66,6,0,1,2
34.4,87,191,51,77,1,0,2,1
40.2,40,143,73,57,9,0,0,2
37.7,41,67,24,76,6,0,0,2
24.1,75,50,44,96,6,0,1,0
34.6,66,51,51,41,12,0,1,1
38.3,63,77,79,87,4,0,0,2
38.2,95,40,65,56,10,3,1,2
19.9,94,36,67,102,2,1,1,0
34.4,87,146,50,107,8,0,2,1
29.4,78,19,38,64,6,1,1,0
25.4,92,24,37,104,12,1,1,0
27.2,79,2,69,75,8,1,1,0
22.4,60,158,58,92,2,0,0,0
22.9,42,21,58,103,7,1,0,0
23.6,74,42,53,85,10,0,1,0
40.8,57,171,62,104,12,0,0,2
23.3,81,12,25,117,10,2,1,0
26.2,94,99,55,88,1,0,2,0
26.5,50,174,27,55,8,0,0,0
36.1,63,30,67,110,10,3,0,2
21.8,81,26,53,105,8,1,1,0
19.2,55,158,26,56,8,0,0,0
26.5,91,59,48,117,1,0,2,0
38.3,47,93,42,52,1,0,0,2
19.6,46,4,71,71,8,1,0,0
32.9,47,45,34,75,12,0,0,1
40.3,80,124,34,84,5,0,1,2
18.5,44,0,56,108,6,1,0,0
25.6,95,194,51,60,5,0,2,0
34.1,89,140,25,70,6,0,2,1
21.0,85,127,31,104,12,0,2,0
34.1,51,71,73,64,6,0,0,1
38.7,68,134,68,114,10,0,1,2
36.3,75,160,72,60,1,0,1,2
27.1,77,186,64,72,12,0,1,0
23.2,90,89,76,96,10,0,2,0
29.5,59,173,79,47,9,0,0,0
35.2,71,83,64,70,6,0,1,1
34.3,48,148,23,89,7,0,0,1
34.7,46,164,28,111,2,0,0,1
40.5,48,87,54,71,5,0,0,2
29.1,64,52,72,120,8,0,0,0
37.4,57,18,51,41,10,3,0,2
33.7,51,157,32,76,4,0,0,1
27.2,80,26,29,89,11,2,1,0
20.3,90,160,24,96,10,0,2,0
34.2,72,111,44,71,11,0,1,1
28.3,60,157,80,53,5,0,0,0
28.5,71,63,61,52,9,0,1,0
39.8,64,4,61,52,9,3,0,2
30.2,72,15,69,46,11,1,1,1
25.0,52,51,64,109,8,0,0,0
36.2,40,106,69,90,1,0,0,2
30.9,76,42,77,82,5,0,1,1
31.6,57,122,79,79,7,0,0,1
21.8,75,30,65,55,5,1,1,0
29.2,72,4,31,61,8,1,1,0
38.6,75,153,39,69,11,0,1,2
29.9,74,93,43,64,11,0,1,0
32.1,61,184,55,87,4,0,0,1
22.9,43,191,58,77,6,0,0,0
23.5,48,140,44,69,6,0,0,0
31.4,61,85,64,104,12,0,0,1
34.8,81,104,39,67,6,0,2,1
31.6,88,43,28,111,5,0,1,1
27.7,54,167,49,93,8,0,0,0
37.2,87,98,23,80,11,0,2,2
37.5,70,197,80,64,10,0,1,2
25.6,66,198,77,46,12,0,1,0
37.9,57,138,62,74,4,0,0,2
39.1,95,1,80,95,1,3,1,2
37.7,49,74,48,52,7,0,0,2
32.5,86,112,61,87,2,0,2,1
39.2,71,29,38,93,2,3,1,2
38.5,77,134,30,66,1,0,1,2
39.3,63,166,43,40,9,0,0,2
30.9,40,7,24,95,9,2,0,1
35.9,82,123,77,58,4,0,2,1
28.5,66,109,38,63,6,0,1,0
23.7,72,80,41,57,5,0,1,0
18.4,55,0,53,96,2,1,0,0
31.6,94,128,20,40,1,0,2,1
21.2,95,11,59,43,5,1,1,0
18.1,83,80,31,114,4,0,2,0
35.3,52,181,48,85,9,0,0,1
21.9,54,65,50,99,1,0,0,0
30.0,65,116,63,100,9,0,0,0
26.6,78,73,32,81,12,0,1,0
40.2,41,139,49,57,9,0,0,2
39.8,60,148,80,103,2,0,0,2
40.7,43,151,21,42,4,0,0,2
30.5,44,180,37,110,2,0,0,1
36.7,43,129,80,60,8,0,0,2
23.8,81,177,54,107,10,0,2,0
18.1,73,97,65,104,3,0,1,0
35.9,53,174,42,61,4,0,0,1
27.3,86,168,46,114,10,0,2,0
31.4,69,137,27,87,9,0,1,1
31.2,82,172,36,97,6,0,2,1
35.6,43,10,50,115,8,3,0,1
19.2,57,155,47,117,12,0,0,0
38.4,60,193,41,80,3,0,0,2
31.6,56,200,55,70,4,0,0,1
33.0,91,86,49,90,7,0,2,1
35.0,51,174,29,76,11,0,0,1
38.6,57,28,40,76,6,3,0,2
23.2,49,69,46,119,12,0,0,0
23.6,62,88,42,113,12,0,0,0
25.1,78,61,72,79,5,0,1,0
18.3,84,163,78,84,9,0,2,0
25.3,94,78,40,61,12,0,2,0
35.5,91,160,77,56,9,0,2,1
39.6,88,168,60,117,4,0,2,2
38.3,60,55,59,95,10,0,0,2
26.6,77,146,25,63,10,0,1,0
40.8,50,142,63,73,5,0,0,2
32.7,78,11,72,111,2,1,1,1
34.0,44,128,20,74,6,0,0,1
22.9,86,8,63,68,12,1,1,0
34.3,62,141,67,87,11,0,0,1
26.8,90,191,33,82,11,0,2,0
30.2,53,42,36,109,7,0,0,1
36.3,42,95,55,63,3,0,0,2
23.9,68,52,26,117,1,0,1,0
25.2,94,22,77,43,10,1,1,0
21.3,78,36,56,69,10,1,1,0
29.2,43,50,75,88,3,0,0,0
26.1,44,9,69,70,8,1,0,0
41.3,91,131,40,110,12,0,2,2
18.4,45,124,54,101,4,0,0,0
38.0,82,185,62,71,8,0,2,2
21.3,85,117,34,60,12,0,2,0
41.6,47,125,54,61,2,0,0,2
37.3,81,32,44,44,7,3,1,2
34.9,52,111,44,117,3,0,0,1
23.9,78,126,33,51,9,0,1,0
27.8,75,114,31,74,6,0,1,0
28.3,63,150,40,86,3,0,0,0
40.2,94,197,68,106,2,0,2,2
27.4,80,163,33,103,3,0,1,0
20.7,55,29,46,92,2,1,0,0
21.1,68,161,54,41,10,0,1,0
24.5,55,113,64,75,5,0,0,0
18.5,81,65,28,85,10,0,2,0
23.6,83,156,55,96,11,0,2,0
26.6,69,93,72,91,8,0,1,0
20.9,84,146,74,80,4,0,2,0
30.4,67,99,46,57,10,0,1,1
37.9,44,6,78,95,10,3,0,2
35.2,54,130,37,44,8,0,0,1
19.7,88,132,59,85,5,0,2,0
18.8,51,6,42,40,12,1,0,0
34.3,63,110,28,68,1,0,0,1
27.4,54,101,37,44,11,0,0,0
29.3,55,176,36,80,9,0,0,0
37.6,46,48,78,99,8,0,0,2
33.2,63,196,66,42,10,0,0,1
25.5,50,145,54,119,8,0,0,0
39.4,87,139,41,53,7,0,2,2
29.1,59,38,45,76,12,1,0,0
27.4,49,8,30,91,6,1,0,0
28.1,85,162,26,77,10,0,2,0
41.9,69,155,36,113,1,0,1,2
26.5,44,44,43,43,4,0,0,0
31.5,48,187,29,61,1,0,0,1
26.7,63,48,35,100,4,0,0,0
35.2,92,153,48,111,3,0,2,1
36.3,78,163,29,107,10,0,1,2
18.4,49,34,41,88,8,1,0,0
36.2,47,170,39,97,6,0,0,2
31.5,80,49,68,109,11,0,1,1
26.5,69,135,51,106,10,0,1,0
32.2,87,100,67,102,2,0,2,1
21.3,94,26,45,100,3,1,1,0
30.9,58,141,43,55,7,0,0,1
35.1,64,159,77,46,10,0,0,1
35.8,86,90,53,96,5,0,2,1
39.1,48,167,35,59,3,0,0,2
24.0,69,127,73,75,11,0,1,0
20.6,78,67,39,91,1,0,1,0
34.7,67,74,80,58,9,0,1,1
34.1,55,193,72,77,9,0,0,1
32.8,71,23,32,61,1,1,1,1
23.1,67,152,37,43,7,0,1,0
41.0,62,171,75,75,11,0,0,2
41.0,42,9,68,70,1,3,0,2
21.2,65,58,79,86,1,0,0,0
23.2,80,150,23,40,1,0,1,0
24.0,51,7,53,47,12,1,0,0
24.4,72,113,54,72,9,0,1,0
23.5,88,113,47,105,7,0,2,0
28.9,52,6,43,110,5,1,0,0
32.8,69,150,60,81,4,0,1,1
22.9,84,81,34,116,4,0,2,0
35.6,71,153,47,99,10,0,1,1
36.0,59,91,50,109,3,0,0,1
19.7,60,11,25,113,1,2,0,0
21.8,79,20,70,64,10,1,1,0
27.6,50,135,33,61,3,0,0,0
35.0,70,14,42,54,2,1,1,1
35.8,73,130,69,41,3,0,1,1
39.6,72,10,70,93,6,3,1,2
19.0,54,110,52,86,3,0,0,0
34.1,44,187,63,61,5,0,0,1
19.9,74,128,32,59,12,0,1,0
37.7,62,118,55,102,10,0,0,2
26.9,93,95,48,54,1,0,2,0
19.3,61,95,75,91,12,0,0,0
39.0,61,55,44,51,2,0,0,2
26.2,49,200,61,104,4,0,0,0
32.2,57,123,35,49,1,0,0,1
36.6,71,98,39,96,2,0,1,2
33.1,95,159,49,44,3,0,2,1
41.5,77,65,69,57,6,0,1,2
38.5,71,67,66,119,3,0,1,2
29.3,57,183,77,63,9,0,0,0
28.7,65,99,48,81,7,0,0,0
34.3,69,9,60,84,7,1,1,1
40.8,42,57,54,118,11,0,0,2
41.0,94,105,74,67,4,0,2,2
31.9,58,156,78,94,1,0,0,1
19.4,63,193,34,49,11,0,0,0
33.3,75,90,31,102,5,0,1,1
35.2,73,71,76,100,1,0,1,1
36.2,91,178,30,79,10,0,2,2
29.9,70,68,60,110,7,0,1,0
34.1,46,18,33,61,5,1,0,1
32.2,59,82,47,109,6,0,0,1
28.2,43,77,78,55,12,0,0,0
23.1,69,163,38,109,12,0,1,0
27.8,85,195,56,76,4,0,2,0
39.1,40,123,32,83,6,0,0,2
32.0,63,29,73,109,7,1,0,1
22.3,43,189,27,56,8,0,0,0
40.0,93,167,31,55,3,0,2,2
23.8,66,34,71,108,12,1,1,0
39.6,41,24,32,111,3,3,0,2
36.3,90,174,32,96,8,0,2,2
31.6,63,32,71,106,2,1,0,1
38.4,84,114,23,67,6,0,2,2
30.3,82,37,27,120,7,2,1,1
20.4,60,167,54,106,11,0,0,0
22.2,49,143,56,42,4,0,0,0
20.1,72,128,65,76,7,0,1,0
28.3,60,92,49,84,8,0,0,0
19.8,93,101,74,53,7,0,2,0
34.1,51,42,26,120,6,0,0,1
29.9,40,8,68,94,5,1,0,0
25.9,43,154,28,110,12,0,0,0
34.3,45,132,64,104,2,0,0,1
40.7,87,170,71,40,9,0,2,2
28.3,68,71,63,95,9,0,1,0
25.2,93,2,64,109,9,1,1,0
22.5,50,180,70,106,4,0,0,0
33.7,47,88,26,82,4,0,0,1
22.9,50,102,52,86,9,0,0,0
38.7,53,71,60,99,11,0,0,2
21.3,56,189,20,62,12,0,0,0
37.2,61,45,55,67,5,0,0,2
18.3,72,73,55,70,10,0,1,0
27.5,85,165,53,118,2,0,2,0
24.5,43,166,72,109,12,0,0,0
40.3,50,98,66,91,2,0,0,2
31.9,52,38,62,83,4,1,0,1
23.9,79,106,25,67,7,0,1,0
18.8,56,142,30,95,9,0,0,0
23.1,51,2,38,79,10,1,0,0
35.0,56,66,64,102,4,0,0,1
34.5,45,151,50,98,12,0,0,1
31.1,73,136,76,69,9,0,1,1
39.1,55,24,67,51,7,3,0,2
35.2,41,161,49,119,6,0,0,1
24.4,75,101,22,67,10,0,1,0
23.6,67,100,77,99,6,0,1,0
28.1,56,188,68,109,4,0,0,0
22.8,67,183,62,61,12,0,1,0
31.1,43,32,50,78,9,1,0,1
25.9,67,107,29,57,7,0,1,0
19.9,63,43,62,119,6,0,0,0
39.4,72,159,26,114,6,0,1,2
24.7,52,37,30,105,3,1,0,0
40.2,71,33,40,117,10,3,1,2
33.9,57,185,30,70,12,0,0,1
18.4,80,9,58,103,7,1,1,0
37.0,69,10,23,115,3,3,1,2
27.2,83,14,50,52,8,1,1,0
36.5,94,72,23,55,7,0,2,2
21.0,64,108,27,52,9,0,0,0
20.1,48,191,75,88,3,0,0,0
33.3,56,33,61,40,7,1,0,1
23.4,92,8,46,93,1,1,1,0
38.6,82,36,37,77,7,3,1,2
20.4,56,119,65,60,11,0,0,0
18.5,47,115,26,45,2,0,0,0
35.4,71,112,29,114,10,0,1,1
30.0,42,131,26,42,9,0,0,0
33.0,74,5,20,65,7,2,1,1
30.0,58,158,58,105,9,0,0,0
41.6,92,104,77,77,11,0,2,2
40.1,73,2,58,89,2,3,1,2
24.6,83,5,50,40,4,1,1,0
41.6,69,159,43,72,7,0,1,2
34.2,53,126,78,60,8,0,0,1
22.1,57,10,34,118,3,1,0,0
27.0,46,72,79,58,4,0,0,0
21.0,47,142,49,104,12,0,0,0
34.2,75,155,79,74,3,0,1,1
36.2,72,193,56,46,1,0,1,2
21.7,64,73,35,85,4,0,0,0
31.6,55,148,73,69,11,0,0,1
18.6,80,60,40,68,7,0,1,0
39.6,58,196,43,76,3,0,0,2
28.0,43,143,49,82,6,0,0,0
40.8,77,9,48,48,2,3,1,2
18.2,55,190,56,69,12,0,0,0
33.4,49,79,63,44,12,0,0,1
21.1,74,73,50,103,7,0,1,0
27.6,54,92,42,77,6,0,0,0
19.2,58,21,22,55,5,2,0,0
20.8,45,178,60,102,5,0,0,0
30.9,62,89,53,70,10,0,0,1
22.7,75,36,76,73,7,1,1,0
23.6,83,77,52,59,4,0,2,0
37.5,87,124,58,46,7,0,2,2
41.9,72,15,70,50,2,3,1,2
35.1,71,120,46,57,2,0,1,1
22.8,88,72,62,69,5,0,2,0
18.8,72,197,54,89,3,0,1,0
29.8,89,102,67,56,3,0,2,0
24.9,86,18,65,81,11,1,1,0
18.9,79,2,55,59,3,1,1,0
21.4,65,10,28,85,5,2,0,0
41.6,73,39,56,73,1,3,1,2
32.6,42,150,77,104,4,0,0,1
22.7,56,147,75,100,9,0,0,0
40.7,52,47,72,84,6,0,0,2
27.2,91,86,63,71,1,0,2,0
20.4,65,79,63,57,4,0,0,0
23.7,41,56,63,116,1,0,0,0
37.2,81,163,68,112,6,0,2,2
35.6,57,11,47,43,1,3,0,1
24.3,86,90,63,99,2,0,2,0
34.5,53,77,63,117,9,0,0,1
37.3,58,124,33,85,8,0,0,2
33.3,54,165,67,42,8,0,0,1
39.9,75,137,67,52,11,0,1,2
37.2,77,108,80,95,10,0,1,2
38.6,46,111,73,87,7,0,0,2
23.3,93,87,21,120,12,0,2,0
30.6,52,131,39,109,1,0,0,1
38.9,56,190,49,42,7,0,0,2
20.9,85,128,46,68,6,0,2,0
36.2,49,180,71,50,6,0,0,2
39.4,52,19,51,105,5,3,0,2
18.9,78,109,60,120,7,0,1,0
36.9,90,77,31,77,10,0,2,2
32.0,57,56,25,91,1,0,0,1
24.5,46,134,49,65,8,0,0,0
31.9,48,107,50,51,2,0,0,1
28.7,85,138,28,67,5,0,2,0
18.4,80,178,64,79,7,0,1,0
40.5,93,164,52,89,12,0,2,2
30.5,90,186,28,113,12,0,2,1
25.4,48,40,54,66,4,1,0,0
32.9,69,34,77,77,9,1,1,1
41.4,78,34,54,80,12,3,1,2
40.2,83,167,44,99,11,0,2,2
18.8,51,132,69,109,2,0,0,0
24.4,53,141,54,50,11,0,0,0
30.0,95,116,60,88,4,0,2,0
20.2,81,169,35,102,6,0,2,0
29.7,74,33,77,86,12,1,1,0
26.0,63,31,31,115,8,1,0,0
38.5,46,36,59,74,10,3,0,2
32.5,71,69,72,47,10,0,1,1
30.8,54,199,71,93,11,0,0,1
24.6,75,49,20,93,4,0,1,0
27.2,49,58,37,79,5,0,0,0
23.5,51,166,55,112,2,0,0,0
25.0,76,107,32,90,2,0,1,0
38.2,77,67,75,90,12,0,1,2
38.0,87,137,20,88,6,0,2,2
21.5,59,177,31,80,11,0,0,0
22.7,60,76,55,57,6,0,0,0
37.4,55,66,20,95,10,0,0,2
29.4,92,56,57,89,10,0,2,0
33.3,41,85,48,91,5,0,0,1
32.3,69,19,55,80,10,1,1,1
24.7,67,123,27,119,5,0,1,0
18.0,58,91,67,89,5,0,0,0
18.1,65,27,50,47,10,1,0,0
36.8,81,42,58,69,12,0,1,2
28.0,58,41,48,107,1,0,0,0
26.5,77,186,45,78,12,0,1,0
35.3,90,188,45,43,8,0,2,1
20.5,91,146,23,50,10,0,2,0
36.3,57,44,41,56,8,0,0,2
27.3,66,98,80,98,8,0,1,0
27.3,42,64,26,98,6,0,0,0
23.4,59,76,45,64,3,0,0,0
31.9,92,47,59,111,3,0,1,1
23.7,92,6,77,62,1,1,1,0
27.6,49,165,27,100,2,0,0,0
28.2,41,90,44,99,11,0,0,0
34.0,76,91,29,91,9,0,1,1
29.4,93,137,34,77,11,0,2,0
25.3,78,111,70,78,9,0,1,0
26.4,85,47,32,113,8,0,1,0
37.1,70,117,39,79,7,0,1,2
18.7,55,108,68,108,2,0,0,0
36.7,83,190,70,113,10,0,2,2
21.1,51,35,66,63,12,1,0,0
25.2,57,156,42,55,4,0,0,0
40.8,75,7,40,87,11,3,1,2
24.8,41,188,80,63,1,0,0,0
24.8,45,168,56,97,4,0,0,0
35.1,50,143,62,106,9,0,0,1
20.6,55,158,49,87,1,0,0,0
23.0,83,92,51,90,1,0,2,0
28.6,46,126,44,104,2,0,0,0
39.4,89,69,73,68,2,0,2,2
29.6,78,72,52,83,12,0,1,0
29.6,89,138,62,69,2,0,2,0
41.4,75,159,78,98,11,0,1,2
26.1,63,178,42,76,3,0,0,0
35.5,64,4,42,116,3,3,0,1
29.9,65,200,35,117,11,0,0,0
40.8,63,56,66,118,9,0,0,2
33.9,89,116,74,99,4,0,2,1
27.9,49,74,40,102,5,0,0,0
34.4,49,2,69,91,7,1,0,1
27.4,59,55,80,79,9,0,0,0
19.4,64,170,21,110,1,0,0,0
26.8,82,49,36,113,6,0,1,0
25.1,57,55,66,98,5,0,0,0
20.1,74,16,21,86,1,2,1,0
23.4,92,183,73,113,1,0,2,0
23.7,65,135,25,40,10,0,0,0
23.1,70,161,73,114,3,0,1,0
19.5,45,148,35,120,11,0,0,0
25.5,90,4,22,67,8,2,1,0
21.6,52,17,72,96,12,1,0,0
20.7,48,82,54,88,7,0,0,0
18.8,68,142,47,51,11,0,1,0
39.8,46,151,35,77,11,0,0,2
30.1,44,6,78,103,1,1,0,1
20.6,57,86,31,71,12,0,0,0
32.7,83,197,42,57,4,0,2,1
41.0,45,30,52,114,10,3,0,2
36.6,80,125,54,96,3,0,1,2
30.7,74,96,27,60,12,0,1,1
19.2,89,192,57,52,10,0,2,0
27.4,60,45,38,83,12,0,0,0
24.6,43,148,75,84,8,0,0,0
39.5,46,47,45,119,9,0,0,2
19.0,65,88,41,72,2,0,0,0
38.1,53,13,29,84,6,3,0,2
38.7,61,37,50,115,4,3,0,2
20.4,61,76,49,42,1,0,0,0
35.6,84,71,51,62,7,0,2,1
38.6,43,105,68,119,2,0,0,2
37.7,57,107,71,78,1,0,0,2
41.9,46,66,67,73,2,0,0,2
37.6,66,60,33,110,6,0,1,2
38.2,43,74,56,103,9,0,0,2
35.6,75,86,32,112,5,0,1,1
24.4,56,157,71,108,12,0,0,0
35.9,75,83,45,79,4,0,1,1
24.8,83,55,27,70,12,0,2,0
38.9,79,113,79,104,1,0,1,2
38.7,59,165,75,49,11,0,0,2
32.2,88,199,58,120,4,0,2,1
20.5,53,64,27,52,10,0,0,0
32.4,55,83,80,100,6,0,0,1
30.4,95,108,46,81,12,0,2,1
24.5,50,2,67,91,1,1,0,0
38.7,40,125,32,50,3,0,0,2
33.6,87,23,21,79,11,2,1,1
35.4,74,28,43,41,3,3,1,1
23.6,78,121,35,110,10,0,1,0
20.9,42,41,53,117,11,0,0,0
31.4,82,79,77,105,3,0,2,1
18.7,93,77,40,70,7,0,2,0
36.5,57,31,57,118,10,3,0,2
31.7,56,137,66,101,9,0,0,1
29.5,85,23,69,56,1,1,1,0
31.0,76,74,69,62,12,0,1,1
29.1,80,160,35,93,9,0,1,0
19.1,48,55,70,97,4,0,0,0
28.5,44,125,68,62,1,0,0,0
24.9,65,104,32,94,5,0,0,0
28.8,49,119,57,56,1,0,0,0
37.2,58,137,40,95,6,0,0,2
30.8,70,113,39,66,7,0,1,1
30.1,95,101,78,109,6,0,2,1
25.8,85,159,47,87,12,0,2,0
26.0,64,77,71,77,6,0,0,0
35.4,78,155,48,52,1,0,1,1
32.2,91,48,78,101,5,0,1,1
25.8,46,29,71,75,12,1,0,0
20.8,65,40,32,40,10,1,0,0
21.7,75,35,44,119,10,1,1,0
19.8,50,140,35,76,7,0,0,0
29.6,73,127,45,106,11,0,1,0
20.7,78,102,30,66,11,0,1,0
20.5,77,172,64,67,1,0,1,0
19.9,80,68,74,110,3,0,1,0
37.5,58,126,20,45,5,0,0,2
33.9,81,119,71,119,9,0,2,1
24.9,56,30,55,64,12,1,0,0
27.5,54,133,71,112,5,0,0,0
38.3,68,173,42,106,10,0,1,2
39.9,66,185,40,53,5,0,1,2
18.1,71,184,32,110,8,0,1,0
28.6,73,177,64,81,1,0,1,0
41.5,68,164,47,61,9,0,1,2
30.5,50,129,46,48,5,0,0,1
19.2,94,1,32,73,1,1,1,0
38.5,79,130,23,45,5,0,1,2
21.5,83,175,36,96,7,0,2,0
39.5,56,67,38,50,4,0,0,2
25.2,86,22,24,63,10,2,1,0
18.6,55,19,63,103,4,1,0,0
34.4,84,195,62,81,5,0,2,1
23.6,44,141,47,114,1,0,0,0
18.4,85,122,44,93,11,0,2,0
23.1,94,119,37,51,2,0,2,0
32.0,54,125,80,86,10,0,0,1
20.8,63,101,56,106,7,0,0,0
39.8,46,12,52,58,11,3,0,2
30.9,88,190,20,101,1,0,2,1
21.8,40,97,50,91,12,0,0,0
36.6,58,0,31,95,3,3,0,2
30.2,63,184,48,68,8,0,0,1
32.7,70,29,77,70,8,1,1,1
35.7,93,165,47,69,7,0,2,1
30.1,77,12,38,92,12,1,1,1
21.9,91,129,32,57,2,0,2,0
32.8,43,13,62,41,1,1,0,1
33.2,63,195,71,97,4,0,0,1
22.1,94,183,41,65,5,0,2,0
36.0,88,137,60,75,9,0,2,1
34.6,77,109,23,100,5,0,1,1
36.2,55,48,55,46,3,0,0,2
40.9,74,90,54,58,12,0,1,2
36.8,77,199,48,80,1,0,1,2
22.0,94,88,47,91,9,0,2,0
20.3,64,29,59,99,7,1,0,0
21.9,69,124,57,52,5,0,1,0
31.7,71,80,42,92,2,0,1,1
39.8,58,145,44,52,1,0,0,2
37.7,77,123,29,88,2,0,1,2
31.7,75,7,56,98,7,1,1,1
32.0,55,137,79,119,4,0,0,1
39.2,72,92,26,65,10,0,1,2
30.8,92,10,37,112,5,1,1,1
18.0,65,15,74,89,2,1,0,0
35.0,49,144,50,92,5,0,0,1
37.3,80,149,71,87,4,0,1,2
22.7,82,43,61,43,4,0,1,0
28.2,42,12,73,42,6,1,0,0
40.1,84,119,66,59,4,0,2,2
18.1,49,123,60,108,9,0,0,0
35.0,88,193,42,44,10,0,2,1
20.2,57,69,56,66,6,0,0,0
27.9,64,71,72,99,6,0,0,0
39.0,44,195,34,63,4,0,0,2
39.5,83,110,74,113,2,0,2,2
41.5,69,39,76,40,8,3,1,2
24.8,88,134,53,88,2,0,2,0
18.9,69,115,38,81,5,0,1,0
25.1,73,80,64,119,5,0,1,0
29.3,92,166,41,106,6,0,2,0
29.4,75,142,48,101,11,0,1,0
37.6,80,106,52,67,2,0,1,2
21.8,92,1,43,92,1,1,1,0
27.0,53,128,80,82,9,0,0,0
36.8,83,51,27,45,1,0,2,2
25.6,81,61,46,86,11,0,2,0
34.7,72,167,50,76,4,0,1,1
29.7,82,18,54,81,11,1,1,0
40.9,61,180,71,114,12,0,0,2
41.4,50,172,35,44,5,0,0,2
33.3,77,173,61,87,5,0,1,1
27.9,65,192,70,80,12,0,0,0
28.4,53,167,60,98,3,0,0,0
22.5,71,156,33,54,8,0,1,0
39.2,87,194,40,85,4,0,2,2
19.8,95,15,55,51,7,1,1,0
23.1,68,197,69,85,6,0,1,0
23.4,88,135,74,56,10,0,2,0
26.9,58,191,69,106,10,0,0,0
20.5,77,86,53,100,1,0,1,0
41.4,46,131,26,56,10,0,0,2
26.8,84,194,51,82,12,0,2,0
24.9,81,38,45,52,9,1,1,0
31.6,41,133,68,64,8,0,0,1
25.0,81,88,76,105,3,0,2,0
30.2,94,26,28,84,11,2,1,1
22.6,55,5,39,87,7,1,0,0
40.6,48,17,29,66,9,3,0,2
22.1,54,187,80,75,2,0,0,0
24.4,59,169,33,118,7,0,0,0
26.1,65,96,80,100,6,0,0,0
30.6,73,162,58,116,6,0,1,1
26.8,70,66,74,40,6,0,1,0
28.2,62,156,70,80,9,0,0,0
27.3,80,186,44,64,4,0,1,0
34.6,84,39,46,77,6,1,1,1
37.2,59,21,72,94,8,3,0,2
30.0,94,139,66,77,10,0,2,0
25.9,70,91,22,44,5,0,1,0
24.7,78,33,36,104,8,1,1,0
25.9,42,187,57,57,7,0,0,0
23.9,86,21,21,75,9,2,1,0
24.2,50,37,35,110,2,1,0,0
40.6,72,200,58,104,3,0,1,2
24.9,43,179,74,116,11,0,0,0
23.5,86,113,77,79,8,0,2,0
36.5,51,71,69,54,8,0,0,2
22.1,73,82,27,79,7,0,1,0
35.3,72,1,71,74,12,3,1,1
38.2,70,173,61,48,5,0,1,2
23.6,53,86,62,104,11,0,0,0
29.5,61,31,61,97,2,1,0,0
28.8,46,166,74,49,8,0,0,0
28.8,71,97,47,103,12,0,1,0
25.3,82,104,49,110,12,0,2,0
26.7,91,103,72,100,3,0,2,0
36.4,84,41,20,89,12,0,1,2
21.2,41,35,78,120,1,1,0,0
34.8,42,66,30,101,3,0,0,1
22.3,77,128,29,77,6,0,1,0
23.5,66,196,56,55,12,0,1,0
29.8,83,51,73,42,8,0,2,0
32.3,41,106,27,113,12,0,0,1
33.2,59,96,20,44,8,0,0,1
37.8,47,162,78,81,11,0,0,2
22.1,40,146,62,95,9,0,0,0
40.8,42,77,67,59,11,0,0,2
41.7,94,136,59,65,11,0,2,2
34.0,56,69,42,70,6,0,0,1
22.1,48,60,36,52,9,0,0,0
27.4,72,8,41,99,10,1,1,0
22.1,84,177,69,80,8,0,2,0
36.1,84,88,73,110,7,0,2,2
34.3,58,71,65,41,5,0,0,1
24.3,70,21,49,92,10,1,1,0
35.9,74,8,31,61,8,3,1,1
39.8,42,178,76,117,6,0,0,2
29.5,62,104,35,51,2,0,0,0
27.3,75,125,21,109,9,0,1,0
41.4,78,83,77,94,7,0,1,2
23.0,81,101,68,93,5,0,2,0
28.2,51,38,25,59,2,2,0,0
26.9,66,179,50,58,4,0,1,0
25.5,81,188,42,79,7,0,2,0
27.5,85,95,77,47,4,0,2,0
24.8,93,15,75,56,12,1,1,0
19.3,81,70,37,92,8,0,2,0
18.8,85,138,30,52,7,0,2,0
30.1,80,14,52,90,3,1,1,1
28.6,84,61,35,86,11,0,2,0
25.1,59,189,68,109,2,0,0,0
27.4,52,145,50,110,2,0,0,0
26.5,54,158,34,43,3,0,0,0
29.7,72,98,35,54,9,0,1,0
37.8,72,44,42,78,8,0,1,2
33.5,95,118,71,57,1,0,2,1
27.1,81,166,72,89,3,0,2,0
31.2,40,82,76,84,7,0,0,1
38.6,61,113,32,86,5,0,0,2
37.7,51,47,35,94,12,0,0,2
21.0,85,103,36,75,11,0,2,0
19.2,49,91,78,64,9,0,0,0
29.0,80,134,64,56,5,0,1,0
27.7,83,5,77,101,3,1,1,0
23.4,64,80,38,61,5,0,0,0
26.0,66,163,60,46,5,0,1,0
36.6,54,119,68,44,7,0,0,2
37.8,85,103,78,113,12,0,2,2
39.0,63,49,59,55,6,0,0,2
39.5,94,87,27,82,1,0,2,2
35.5,59,178,38,44,2,0,0,1
35.3,72,99,76,111,11,0,1,1
20.8,40,166,59,102,4,0,0,0
41.9,75,77,32,73,10,0,1,2
22.7,60,80,72,52,1,0,0,0
26.7,91,88,67,82,9,0,2,0
41.0,52,71,73,101,4,0,0,2
23.8,54,22,41,69,2,1,0,0
24.5,65,116,28,42,9,0,0,0
29.5,42,80,24,60,8,0,0,0
30.5,57,114,24,92,4,0,0,1
29.0,62,196,49,53,9,0,0,0
38.7,76,62,34,97,1,0,1,2
34.0,56,163,34,118,11,0,0,1
30.4,60,129,37,45,12,0,0,1
38.8,41,172,26,71,9,0,0,2
19.9,79,108,53,82,12,0,1,0
26.0,63,170,50,46,8,0,0,0
26.1,86,153,31,118,5,0,2,0
31.8,56,27,72,95,5,1,0,1
24.7,54,127,29,64,4,0,0,0
38.4,50,3,26,90,1,3,0,2
21.0,73,128,42,45,1,0,1,0
32.8,41,192,75,68,1,0,0,1
30.2,54,174,69,105,10,0,0,1
28.5,44,107,61,100,11,0,0,0
40.8,83,111,44,120,3,0,2,2
23.4,56,57,35,79,5,0,0,0
29.8,41,136,35,120,8,0,0,0
30.5,63,191,79,67,7,0,0,1
22.3,40,116,74,103,9,0,0,0
23.3,46,198,80,111,5,0,0,0
30.9,58,170,34,81,3,0,0,1
30.8,95,97,49,45,6,0,2,1
27.8,87,117,29,110,4,0,2,0
35.3,88,35,41,75,5,3,1,1
34.7,80,161,51,84,12,0,1,1
29.8,66,169,51,66,1,0,1,0
38.7,65,19,59,46,11,3,0,2
22.6,49,157,26,60,2,0,0,0
21.3,49,164,75,69,11,0,0,0
27.9,84,147,78,80,2,0,2,0
33.7,89,2,69,94,11,1,1,1
39.9,78,85,75,67,3,0,1,2
38.1,57,108,36,75,9,0,0,2
29.7,63,81,64,92,1,0,0,0
25.7,89,125,55,86,11,0,2,0
28.3,47,167,38,87,11,0,0,0
32.4,90,112,73,105,7,0,2,1
26.5,54,19,76,62,3,1,0,0
39.5,49,160,30,92,12,0,0,2
19.6,87,97,22,65,7,0,2,0
35.4,94,186,60,43,6,0,2,1
40.0,74,6,55,90,1,3,1,2
39.6,41,126,37,96,9,0,0,2
31.6,61,78,28,42,1,0,0,1
28.4,95,152,36,105,10,0,2,0
24.7,54,171,74,79,9,0,0,0
22.6,55,118,78,104,8,0,0,0
20.2,78,159,23,45,8,0,1,0
37.9,43,159,51,62,5,0,0,2
30.7,43,8,57,46,9,1,0,1
33.2,40,194,48,48,8,0,0,1
33.7,72,175,24,80,11,0,1,1
38.4,43,103,23,98,8,0,0,2
20.9,75,124,77,84,8,0,1,0
27.1,45,135,64,111,11,0,0,0
40.1,56,35,48,87,9,3,0,2
18.1,92,33,33,67,7,1,1,0
34.2,62,123,51,82,1,0,0,1
33.9,72,166,75,56,3,0,1,1
40.4,95,92,76,50,10,0,2,2
20.4,56,30,23,95,5,2,0,0
38.4,88,64,46,110,11,0,2,2
37.6,56,69,63,119,11,0,0,2
35.5,66,74,24,115,3,0,1,1
34.5,56,159,67,56,3,0,0,1
22.1,86,149,48,81,5,0,2,0
34.9,82,60,20,44,2,0,2,1
41.0,81,1,56,66,8,3,1,2
35.9,51,99,31,41,9,0,0,1
38.1,51,95,55,44,4,0,0,2
22.4,79,140,30,60,1,0,1,0
34.8,95,166,77,96,7,0,2,1
20.1,92,94,22,82,12,0,2,0
21.4,55,84,77,98,12,0,0,0
23.4,79,33,52,117,7,1,1,0
26.6,40,21,31,95,3,1,0,0
22.5,90,47,26,119,10,0,1,0
30.9,64,49,76,48,7,0,0,1
35.5,80,178,46,72,11,0,1,1
34.5,61,59,36,42,2,0,0,1
24.4,66,91,73,97,7,0,1,0
29.7,88,67,66,79,6,0,2,0
22.0,49,122,66,95,3,0,0,0
40.0,52,96,28,47,1,0,0,2
40.4,43,183,22,118,5,0,0,2
39.2,81,64,25,118,4,0,2,2
25.7,67,99,24,70,4,0,1,0
30.6,51,148,66,50,10,0,0,1
19.8,69,156,58,64,2,0,1,0
22.0,76,171,21,64,10,0,1,0
40.0,77,15,64,118,12,3,1,2
31.4,66,101,52,75,2,0,1,1
38.8,73,57,77,95,7,0,1,2
39.5,55,197,71,118,12,0,0,2
37.6,75,119,79,55,8,0,1,2
26.8,70,81,21,52,10,0,1,0
32.7,91,19,57,47,10,1,1,1
35.1,60,1,68,87,12,3,0,1
35.8,80,31,55,96,1,3,1,1
21.8,44,134,51,59,6,0,0,0
27.6,72,20,51,63,7,1,1,0
27.6,69,56,34,44,7,0,1,0
22.5,56,28,38,99,2,1,0,0
20.4,87,8,72,47,6,1,1,0
25.8,84,102,57,53,7,0,2,0
18.8,81,11,78,67,11,1,1,0
19.3,81,193,39,50,2,0,2,0
33.7,91,150,54,44,5,0,2,1
41.0,71,49,24,89,1,0,1,2
24.7,60,31,21,101,8,2,0,0
26.8,95,199,71,47,5,0,2,0
41.2,75,20,59,62,7,3,1,2
20.2,79,37,40,114,9,1,1,0
28.0,89,197,25,92,1,0,2,0
38.3,40,43,33,86,4,0,0,2
41.5,82,101,28,92,6,0,2,2
19.9,62,75,58,50,11,0,0,0
39.0,45,23,73,55,4,3,0,2
20.5,85,42,51,70,12,0,1,0
21.1,64,45,73,74,12,0,0,0
33.5,81,0,55,76,10,1,1,1
28.5,62,78,71,67,1,0,0,0
35.3,89,79,42,76,7,0,2,1
30.7,71,72,62,42,11,0,1,1
34.5,58,115,59,64,10,0,0,1
34.6,88,43,46,106,5,0,1,1
24.1,78,32,64,91,7,1,1,0
35.7,69,96,38,101,7,0,1,1
37.0,67,25,45,89,4,3,1,2
26.3,55,150,51,85,3,0,0,0
21.4,59,147,62,119,10,0,0,0
24.9,81,39,75,113,2,1,1,0
27.8,56,140,40,49,4,0,0,0
35.3,53,195,57,68,12,0,0,1
40.3,47,122,61,104,11,0,0,2
36.7,72,110,53,97,9,0,1,2
29.0,80,60,49,61,5,0,1,0
36.0,85,177,44,67,4,0,2,1
38.7,56,15,69,111,9,3,0,2
37.9,65,187,41,104,11,0,0,2
30.3,67,176,78,55,3,0,1,1
39.3,94,129,47,84,2,0,2,2
29.5,67,41,62,73,10,0,1,0
39.9,44,20,56,65,6,3,0,2
32.1,75,150,78,83,4,0,1,1
32.0,73,188,68,59,1,0,1,1
30.5,70,125,36,78,8,0,1,1
26.3,65,54,56,75,12,0,0,0
19.6,85,107,53,76,5,0,2,0
19.1,70,62,31,88,3,0,1,0
20.8,73,22,32,63,1,1,1,0
20.9,78,198,74,97,4,0,1,0
41.9,93,50,61,91,2,0,1,2
31.6,88,200,46,54,6,0,2,1
33.8,80,33,34,104,9,1,1,1
30.6,89,30,65,40,8,1,1,1
18.7,72,167,25,95,6,0,1,0
40.2,67,130,74,72,11,0,1,2
38.8,79,99,41,86,1,0,1,2
25.6,44,37,58,44,3,1,0,0
32.2,47,110,50,118,3,0,0,1
29.0,89,0,38,72,6,1,1,0
31.0,62,80,67,41,11,0,0,1
39.2,55,123,46,60,10,0,0,2
30.5,46,61,31,66,4,0,0,1
32.8,66,156,47,65,10,0,1,1
20.0,53,119,35,92,8,0,0,0
25.9,94,134,53,111,9,0,2,0
25.0,76,1,36,61,12,1,1,0
36.4,48,127,74,107,9,0,0,2
23.9,53,125,73,86,7,0,0,0
28.3,43,132,24,47,12,0,0,0
41.8,57,9,29,92,4,3,0,2
29.8,47,137,53,92,4,0,0,0
35.3,73,155,43,69,3,0,1,1
24.0,42,80,45,85,1,0,0,0
21.1,95,172,30,49,6,0,2,0
22.5,80,138,25,48,7,0,1,0
19.9,64,180,26,55,2,0,0,0
27.4,80,198,51,108,1,0,1,0
22.1,85,102,60,113,5,0,2,0
25.3,41,144,73,93,4,0,0,0
18.6,77,102,70,89,8,0,1,0
41.1,63,192,30,117,10,0,0,2
31.2,69,22,67,63,1,1,1,1
38.5,89,96,70,108,9,0,2,2
37.9,53,118,25,75,9,0,0,2
39.7,44,43,52,52,1,0,0,2
29.8,65,2,42,103,9,1,0,0
21.3,91,92,22,116,10,0,2,0
35.7,80,23,75,45,6,3,1,1
19.3,52,150,32,42,10,0,0,0
30.7,45,154,41,44,8,0,0,1
31.4,90,27,24,97,9,2,1,1
36.8,73,189,68,113,3,0,1,2
36.2,68,94,49,60,3,0,1,2
24.2,66,94,78,66,3,0,1,0
25.6,45,20,21,90,5,2,0,0
25.2,74,17,50,99,12,1,1,0
18.2,83,60,68,48,9,0,2,0
32.5,50,200,61,49,11,0,0,1
25.7,73,36,73,109,1,1,1,0
38.3,61,151,44,60,6,0,0,2
27.4,87,57,31,105,8,0,2,0
20.0,78,159,38,115,4,0,1,0
18.7,79,200,59,64,8,0,1,0
24.6,93,104,61,79,3,0,2,0
20.5,78,96,26,45,4,0,1,0
24.1,82,131,49,62,4,0,2,0
30.9,44,84,39,103,7,0,0,1
32.5,44,179,45,117,7,0,0,1
37.3,81,45,28,50,7,0,1,2
19.4,74,15,32,42,9,1,1,0
24.1,71,157,43,105,2,0,1,0
21.0,42,158,27,114,7,0,0,0
19.8,64,6,23,117,9,2,0,0
38.8,45,79,63,85,9,0,0,2
40.2,74,91,75,116,8,0,1,2
36.5,84,62,41,54,6,0,2,2
36.5,43,198,75,57,1,0,0,2
22.0,45,182,75,46,4,0,0,0
21.2,46,11,25,84,11,2,0,0
25.9,82,70,76,57,11,0,2,0
39.1,85,195,39,115,4,0,2,2
39.1,40,17,62,41,6,3,0,2
41.9,43,200,28,87,10,0,0,2
30.6,90,171,80,68,8,0,2,1
24.8,46,6,46,86,11,1,0,0
41.2,50,147,66,50,1,0,0,2
26.3,89,63,30,90,10,0,2,0
31.4,54,49,29,75,7,0,0,1
33.5,81,173,62,77,9,0,2,1
19.1,77,106,41,118,11,0,1,0
25.6,88,49,74,46,5,0,1,0
41.2,44,9,74,79,3,3,0,2
23.6,44,81,61,103,2,0,0,0
22.0,51,68,64,42,6,0,0,0
18.7,67,145,31,97,11,0,1,0
24.4,56,43,28,70,5,0,0,0
23.3,73,165,49,78,2,0,1,0
18.6,52,41,41,63,6,0,0,0
19.1,58,120,33,117,4,0,0,0
24.3,56,170,21,80,6,0,0,0
18.2,69,173,55,60,4,0,1,0
41.6,60,148,54,58,4,0,0,2
37.4,67,153,51,85,11,0,1,2
23.5,66,187,44,53,5,0,1,0
26.5,53,36,55,51,6,1,0,0
41.8,56,27,34,105,3,3,0,2
27.3,49,182,60,106,1,0,0,0
24.9,79,74,79,92,8,0,1,0
22.0,76,118,34,62,3,0,1,0
20.3,43,196,27,99,9,0,0,0
36.1,40,188,52,111,4,0,0,2
29.5,84,18,64,40,2,1,1,0
36.8,69,44,74,49,4,0,1,2
26.5,49,162,41,64,10,0,0,0
25.4,76,63,52,75,12,0,1,0
25.7,77,36,77,120,11,1,1,0
30.7,54,64,38,91,4,0,0,1
40.9,80,37,34,76,12,3,1,2
23.0,48,190,61,59,2,0,0,0
35.1,92,196,68,64,5,0,2,1
27.5,91,62,49,59,5,0,2,0
34.1,53,5,66,90,1,1,0,1
36.0,76,161,38,67,7,0,1,1
26.0,82,160,41,51,10,0,2,0
20.5,62,135,52,49,11,0,0,0
37.8,68,132,71,52,7,0,1,2
38.2,41,185,67,78,7,0,0,2
21.2,87,134,51,68,11,0,2,0
24.8,43,112,73,78,6,0,0,0
35.8,44,125,73,112,3,0,0,1
39.9,79,79,56,100,4,0,1,2
22.4,68,186,55,45,2,0,1,0
38.8,91,188,70,61,6,0,2,2
41.6,75,72,34,110,9,0,1,2
24.8,40,29,26,83,4,2,0,0
28.7,40,191,33,40,10,0,0,0
37.0,92,88,62,101,7,0,2,2
29.5,75,146,62,89,12,0,1,0
21.1,48,188,49,87,8,0,0,0
29.4,58,40,67,112,6,1,0,0
29.4,93,48,52,94,3,0,1,0
37.1,75,156,25,49,8,0,1,2
25.0,83,81,75,88,5,0,2,0
21.7,46,34,29,89,6,2,0,0
33.8,48,18,72,112,6,1,0,1
19.6,88,53,51,52,5,0,2,0
20.7,74,123,60,108,10,0,1,0
25.1,53,110,24,101,9,0,0,0
31.5,95,175,23,119,8,0,2,1
40.1,80,107,55,120,3,0,1,2
18.2,58,185,66,67,9,0,0,0
41.1,45,58,30,45,5,0,0,2
40.1,90,29,71,45,7,3,1,2
38.0,49,30,54,99,8,3,0,2
26.1,46,34,32,65,5,1,0,0
30.9,91,128,55,60,12,0,2,1
41.1,94,110,79,74,12,0,2,2
40.4,47,191,37,82,5,0,0,2
41.1,67,37,58,52,9,3,1,2
19.6,81,130,66,100,8,0,2,0
26.8,45,159,72,52,11,0,0,0
34.4,62,76,20,78,6,0,0,1
22.7,77,171,62,96,9,0,1,0
27.6,54,82,44,66,6,0,0,0
22.8,63,160,57,107,7,0,0,0
30.6,90,7,61,116,1,1,1,1
24.5,61,48,47,56,8,0,0,0
35.2,61,121,48,119,6,0,0,1
30.3,94,190,45,119,11,0,2,1
22.6,88,128,79,45,9,0,2,0
20.8,45,162,75,94,5,0,0,0
22.1,65,7,22,55,7,2,0,0
27.8,55,170,76,53,4,0,0,0
36.7,89,55,74,78,8,0,2,2
29.6,57,138,59,46,12,0,0,0
31.1,89,94,47,112,3,0,2,1
37.1,64,84,66,64,8,0,0,2
41.3,63,86,38,78,6,0,0,2
29.6,85,127,34,89,5,0,2,0
28.8,68,85,20,40,1,0,1,0
19.9,88,196,57,93,6,0,2,0
36.1,68,9,79,100,12,3,1,2
28.6,91,124,76,108,7,0,2,0
38.3,41,2,46,60,6,3,0,2
20.6,76,140,73,56,12,0,1,0
33.3,73,105,41,83,12,0,1,1
29.3,71,31,60,92,4,1,1,0
38.1,84,87,58,107,7,0,2,2
24.4,45,54,61,118,8,0,0,0
20.0,54,140,22,65,11,0,0,0
40.1,48,145,76,45,9,0,0,2
21.5,89,57,35,105,5,0,2,0
30.7,56,176,31,91,9,0,0,1
23.3,65,32,32,70,4,1,0,0
37.7,71,142,75,64,5,0,1,2
30.3,87,95,30,48,6,0,2,1
30.7,89,144,49,56,4,0,2,1
39.8,72,98,31,97,11,0,1,2
23.8,89,113,52,49,10,0,2,0
41.3,93,110,20,104,9,0,2,2
27.6,66,52,31,67,10,0,1,0
22.1,69,54,59,110,2,0,1,0
29.6,54,58,29,93,1,0,0,0
28.7,57,109,34,97,2,0,0,0
40.4,68,15,63,90,11,3,1,2
28.2,86,143,22,71,2,0,2,0
33.4,84,92,44,73,7,0,2,1
39.4,66,34,37,95,7,3,1,2
20.7,76,85,41,78,12,0,1,0
38.0,64,11,40,62,5,3,0,2
23.9,49,191,20,64,10,0,0,0
33.8,93,160,45,108,11,0,2,1
41.9,43,25,30,66,1,3,0,2
32.8,71,195,31,87,2,0,1,1
20.4,80,65,59,41,3,0,1,0
38.9,68,10,59,96,2,3,1,2
18.0,45,81,69,103,9,0,0,0
40.7,83,0,69,74,7,3,1,2
32.7,61,152,70,85,9,0,0,1
26.2,59,174,35,87,12,0,0,0
41.7,43,60,77,70,2,0,0,2
21.4,76,79,77,97,8,0,1,0
21.9,84,125,74,57,12,0,2,0
39.2,84,162,57,80,2,0,2,2
29.3,91,127,27,75,3,0,2,0
36.4,66,114,73,110,12,0,1,2
39.1,52,23,23,108,12,3,0,2
41.5,87,143,30,56,3,0,2,2
32.0,91,26,76,116,8,1,1,1
37.7,49,45,57,42,2,0,0,2
22.4,95,32,44,71,6,1,1,0
37.8,76,160,53,71,11,0,1,2
30.4,53,26,72,70,3,1,0,1
35.9,59,54,68,69,6,0,0,1
18.5,51,54,45,106,12,0,0,0
40.4,83,193,78,119,2,0,2,2
27.9,86,52,40,115,10,0,2,0
18.5,44,23,76,86,3,1,0,0
35.7,81,114,50,66,9,0,2,1
35.3,82,132,25,87,8,0,2,1
31.4,41,64,41,85,12,0,0,1
37.2,42,177,69,77,3,0,0,2
37.6,53,152,70,72,1,0,0,2
21.9,89,143,73,101,5,0,2,0
25.3,65,196,56,84,4,0,0,0
32.3,76,70,29,94,7,0,1,1
18.3,76,33,63,109,11,1,1,0
21.3,61,53,62,86,10,0,0,0
34.3,42,162,25,109,9,0,0,1
30.8,58,181,44,71,11,0,0,1
20.9,86,90,24,67,3,0,2,0
27.6,59,139,55,67,2,0,0,0
36.6,49,44,22,86,9,0,0,2
24.3,50,185,32,43,9,0,0,0
33.6,90,48,62,53,7,0,1,1
38.7,60,91,38,112,11,0,0,2
21.2,71,103,80,96,8,0,1,0
29.4,90,160,42,71,12,0,2,0
33.5,44,42,69,100,2,0,0,1
27.7,62,1,59,41,7,1,0,0
18.3,72,73,54,50,7,0,1,0
24.2,85,187,45,55,11,0,2,0
34.6,41,117,79,119,6,0,0,1
38.5,60,33,40,88,11,3,0,2
41.7,86,73,55,45,6,0,2,2
21.7,72,20,67,55,7,1,1,0
27.5,48,123,47,115,7,0,0,0
26.9,71,0,29,42,4,2,1,0
39.0,49,160,80,93,8,0,0,2
41.3,69,166,58,46,7,0,1,2
39.5,68,158,29,97,11,0,1,2
29.1,66,112,29,113,9,0,1,0
25.1,89,146,24,97,6,0,2,0
26.0,67,189,57,103,2,0,1,0
25.1,51,67,54,113,1,0,0,0
23.0,92,93,25,104,5,0,2,0
34.7,95,196,37,103,12,0,2,1
23.6,41,38,73,119,6,1,0,0
21.2,65,57,21,73,5,0,0,0
26.3,45,57,36,111,1,0,0,0
40.9,41,176,41,50,4,0,0,2
40.8,60,113,65,102,4,0,0,2
33.6,82,155,52,105,1,0,2,1
30.5,56,94,76,99,11,0,0,1
24.7,56,52,64,79,2,0,0,0
18.1,82,165,28,90,2,0,2,0
25.5,58,96,67,47,12,0,0,0
18.3,53,111,58,46,6,0,0,0
35.1,57,147,45,79,11,0,0,1
25.3,74,197,27,97,9,0,1,0
23.9,68,145,64,52,6,0,1,0
27.0,74,115,41,77,1,0,1,0
31.1,49,164,78,90,6,0,0,1
36.9,50,36,45,42,6,3,0,2
25.5,92,51,79,85,2,0,2,0
33.5,49,74,40,75,2,0,0,1
40.8,94,127,57,51,1,0,2,2
20.0,70,60,24,66,12,0,1,0
23.5,41,60,31,102,1,0,0,0
35.1,82,143,74,97,4,0,2,1
22.0,92,33,68,111,1,1,1,0
41.8,77,106,65,46,8,0,1,2
40.6,84,145,61,102,11,0,2,2
20.5,42,195,27,43,10,0,0,0
29.3,50,156,73,101,4,0,0,0
30.0,59,105,58,74,1,0,0,0
24.4,47,123,61,92,12,0,0,0
34.5,51,151,23,74,5,0,0,1
33.2,70,119,72,87,12,0,1,1
37.7,72,170,40,69,8,0,1,2
39.5,67,197,37,50,12,0,1,2
33.0,79,176,47,48,9,0,1,1
38.0,42,195,44,106,12,0,0,2
26.2,71,4,36,83,9,1,1,0
29.4,82,30,49,86,12,1,1,0
25.7,89,148,70,45,12,0,2,0
30.5,53,50,38,72,12,0,0,1
22.5,85,120,39,78,5,0,2,0
24.1,73,75,23,72,1,0,1,0
36.3,40,25,22,101,12,3,0,2
35.0,71,177,64,47,7,0,1,1
19.8,78,132,60,83,12,0,1,0
20.8,94,18,27,115,12,2,1,0
23.5,61,48,69,67,6,0,0,0
32.5,59,142,48,64,12,0,0,1
41.3,47,5,48,109,6,3,0,2
39.2,61,112,66,99,2,0,0,2
25.8,49,18,50,62,11,1,0,0
41.1,81,39,64,113,10,3,1,2
39.2,59,105,48,58,4,0,0,2
24.0,73,20,22,66,6,2,1,0
38.4,85,61,33,71,8,0,2,2
